연번,호선,역  명,관리번호(호기),(근접)출입구번호,시작층(상세위치),시작층(지상_지하),시작층(운행역층),종료층(지상_지하),종료층(운행역층),정원(인원수),정원(중량),승강기 일련번호,데이터 기준일자
1,1호선,서울역(1),내부#1,내부,시청 방면5-1,지하,2,지하,1,11,750,0074-205,2026-02-11
2,1호선,서울역(1),외부#1,2번출구,2번 출구 측,지하,1,지상,1,13,900,0104-656,2026-02-11
3,1호선,서울역(1),외부#2,4번출구,4번 출구 측,지하,1,지상,1,15,1000,0105-867,2026-02-11
4,1호선,서울역(1),외부#3,3번출구,3번 출구 측,지하,1,지상,1,15,1000,0073-979,2026-02-11
5,1호선,시청(1),내부#1,내부,종각 방면3-2,지하,2,지하,1,15,1000,0002-888,2026-02-11
6,1호선,시청(1),내부#2,내부,서울역 방면8-3,지하,2,지하,1,15,1000,0002-887,2026-02-11
7,1호선,시청(1),외부#1,"1,2번출구","1,2번 출구 사이",지하,1,지상,1,15,1000,0002-889,2026-02-11
8,1호선,종각,내부#1,내부,종로3가 방면6-4,지하,2,지하,1,15,1000,0000-506,2026-02-11
9,1호선,종각,내부#2,내부,시청 방면4-4,지하,2,지하,1,15,1000,0000-507,2026-02-11
10,1호선,종각,외부#1,3번출구,3번 출구 측,지하,1,지상,1,15,1000,0000-508,2026-02-11
11,1호선,종각,외부#2,1번출구,1번 출구 측,지하,1,지상,1,15,1000,0113-945,2026-02-11
12,1호선,종로3가(1),내부#1,내부,종로5가 방면5-1,지하,2,지하,1,15,1000,0000-512,2026-02-11
13,1호선,종로3가(1),내부#2,내부,종각 방면6-4,지하,2,지하,1,15,1000,0000-513,2026-02-11
14,1호선,종로3가(1),외부#1,"12,13번출구","12,13번 출구 사이",지하,1,지상,1,15,1000,0073-426,2026-02-11
15,1호선,종로5가,내부#1,내부,동대문(1) 방면8-3,지하,2,지하,1,15,1000,0000-533,2026-02-11
16,1호선,종로5가,내부#2,내부,종로3가 방면3-2,지하,2,지하,1,15,1000,0000-534,2026-02-11
17,1호선,종로5가,외부#1,내부,"8,9번(지하상가) 출구 사이",지하,1,지상,1,15,1150,0155-440,2026-02-11
18,1호선,동대문(1),내부#1,내부,동묘앞 방면10-4,지하,2,지하,1,11,750,0000-906,2026-02-11
19,1호선,동대문(1),내부#2,내부,종로5가 방면2-1,지하,2,지하,1,11,750,0000-907,2026-02-11
20,1호선,동대문(1),외부#1,6번출구,6번 출구 측,지하,1,지상,1,15,1000,0000-905,2026-02-11
21,1호선,동묘앞(1),내부#1,내부,신설동 방면6-2,지하,1,지상,4,15,1000,0000-946,2026-02-11
22,1호선,동묘앞(1),내부#2,내부,신설동 방면10-3,지하,2,지하,1,15,1000,0000-943,2026-02-11
23,1호선,동묘앞(1),내부#3,내부,신설동 방면4-8,지하,2,지하,1,15,1000,0000-947,2026-02-11
24,1호선,동묘앞(1),내부#4,내부,동대문(1) 방면7-3,지하,2,지하,1,15,1000,0000-948,2026-02-11
25,1호선,동묘앞(1),내부#5,내부,동대문(1) 방면1-2,지하,2,지하,1,15,1000,0000-944,2026-02-11
26,1호선,동묘앞(1),외부#1,"1,10번출구","1,10번 출구 사이",지하,1,지상,1,15,1000,0000-945,2026-02-11
27,1호선,동묘앞(1),외부#2,3번출구,3번 출구 측,지하,1,지상,1,15,1000,0000-960,2026-02-11
28,1호선,신설동(1),내부#1,내부,제기동 방면3-4,지하,2,지하,1,15,1000,0083-762,2026-02-11
29,1호선,신설동(1),내부#2,내부,동묘앞 방면8-1,지하,2,지하,1,15,1000,0083-764,2026-02-11
30,1호선,신설동(1),외부#1,1번출구,1번 출구 측,지하,1,지상,1,15,1000,0003-532,2026-02-11
31,1호선,신설동(1),외부#2,"2,3번출구","2,3번 출구 사이",지하,1,지상,1,15,1000,0083-761,2026-02-11
32,1호선,신설동(1),외부#3,"4,5번출구","4,5번 출구 사이",지하,1,지상,1,15,1000,0083-763,2026-02-11
33,1호선,제기동,내부#1,내부,청량리 방면9-4,지하,2,지하,1,11,750,0043-600,2026-02-11
34,1호선,제기동,내부#2,내부,신설동 방면2-1,지하,2,지하,1,11,750,0027-701,2026-02-11
35,1호선,제기동,외부#1,1번출구,1번 출구 측,지하,1,지상,1,11,1000,0093-165,2026-02-11
36,1호선,청량리(1),외부#1,6번출구,6번 출구 측,지하,2,지상,1,15,1000,0027-702,2026-02-11
37,1호선,청량리(1),외부#2,2번출구,2번 출구 측,지하,1,지상,1,13,1000,0158-313,2026-02-11
38,2호선,시청(2),내부#1,내부,"충정로 방면6-2, 을지로입구 방면5-3",지하,3,지하,1,13,900,0042-520,2026-02-11
39,2호선,시청(2),외부#1,9번출구,9번 출구 측,지하,1,지상,1,15,1000,0002-886,2026-02-11
40,2호선,을지로입구,내부#1,내부,시청 방면5-3,지하,2,지하,1,15,1000,0003-059,2026-02-11
41,2호선,을지로입구,내부#2,내부,을지로3가 방면6-2,지하,2,지하,1,15,1000,0003-058,2026-02-11
42,2호선,을지로입구,외부#1,1번출구,1번 출구 측,지하,1,지상,1,15,1000,0124-101,2026-02-11
43,2호선,을지로입구,외부#2,5번출구,"5,6번 출구 사이",지하,1,지상,1,15,1000,0104-712,2026-02-11
44,2호선,을지로3가(2),내부#1,내부,을지로입구 방면8-3,지하,2,지하,1,15,1000,0042-132,2026-02-11
45,2호선,을지로3가(2),내부#2,내부,을지로4가 방면3-2,지하,2,지하,1,15,1000,0042-133,2026-02-11
46,2호선,을지로4가(2),내부#1,내부,을지로3가 방면3-2,지하,2,지하,1,15,1000,0042-130,2026-02-11
47,2호선,을지로4가(2),내부#2,내부,동대문역사문화공원 방면8-3,지하,2,지하,1,15,1000,0042-131,2026-02-11
48,2호선,을지로4가(2),외부#1,8번출구,8번 출구 측,지하,1,지상,1,15,1000,0102-390,2026-02-11
49,2호선,동대문역사문화공원(2),내부#1,내부,을지로4가 방면8-3,지하,2,지하,1,13,1000,0003-055,2026-02-11
50,2호선,동대문역사문화공원(2),내부#2,내부,신당 방면3-2,지하,2,지하,1,13,1000,0003-056,2026-02-11
51,2호선,동대문역사문화공원(2),외부#1,1번출구,1번 출구 측,지하,1,지상,1,17,1000,0039-324,2026-02-11
52,2호선,신당(2),외부#1,2번출구,2번 출구 측,지하,1,지상,1,15,1000,0004-367,2026-02-11
53,2호선,신당(2),내부#1,내부,동대문역사문화공원 방면3-4,지하,2,지하,1,15,1000,0103-796,2026-02-11
54,2호선,신당(2),내부#2,내부,상왕십리 방면7-4,지하,2,지하,1,15,900,0103-797,2026-02-11
55,2호선,상왕십리,내부#1,내부,신당 방면8-1,지하,2,지하,1,15,1000,0042-156,2026-02-11
56,2호선,상왕십리,내부#2,내부,왕십리 방면3-4,지하,2,지하,1,15,1000,0042-157,2026-02-11
57,2호선,상왕십리,외부#1,"2,3번출구",1-1번 출구 측,지하,1,지상,1,24,1600,0117-183,2026-02-11
58,2호선,왕십리(2),내부#1,내부,상왕십리 방면3-2,지하,2,지하,1,15,1000,0003-466,2026-02-11
59,2호선,왕십리(2),내부#2,내부,한양대 방면3-4,지하,2,지하,1,15,1000,0068-689,2026-02-11
60,2호선,한양대,내부#1,내부,왕십리 방면3-3,지상,1,지상,2,8,600,0042-129,2026-02-11
61,2호선,한양대,외부#1,4번출구,4번 출구(육교) 측,지상,1,지상,2,15,1000,0042-128,2026-02-11
62,2호선,뚝섬,내부#1,내부,한양대 방면7-1,지상,2,지상,3,15,1000,0003-051,2026-02-11
63,2호선,뚝섬,내부#2,내부,성수 방면7-1,지상,2,지상,3,13,1000,0003-050,2026-02-11
64,2호선,뚝섬,외부#1,3번출구,3번 출구 측,지상,1,지상,2,13,1000,0003-049,2026-02-11
65,2호선,뚝섬,외부#2,6번출구,6번 출구 측,지상,1,지상,2,15,1000,0131-787,2026-02-11
66,2호선,성수,내부#1,내부,뚝섬 방면7-1,지상,2,지상,3,9,600,0074-865,2026-02-11
67,2호선,성수,내부#2,내부,건대입구 방면4-4,지상,2,지상,3,9,600,0074-866,2026-02-11
68,2호선,성수,외부#1,1번출구,1번 출구 측,지상,1,지상,2,15,1000,0039-325,2026-02-11
69,2호선,성수,외부#2,4번출구,4번 출구 측,지상,1,지상,2,15,1000,0039-327,2026-02-11
70,2호선,용답,내부#1,내부,신답 방면2-2,지상,2,지상,3,10,750,0158-589,2026-02-11
71,2호선,용답,내부#2,내부,성수 방면3-3,지상,2,지상,3,10,750,0158-588,2026-02-11
72,2호선,신답,내부#1,내부,용두 방면2-4,지상,1,지상,2,11,750,0039-326,2026-02-11
73,2호선,신답,내부#2,내부,용답 방면3-2,지상,1,지상,2,15,1000,0104-461,2026-02-11
74,2호선,용두,내부#1,내부,신설동 방면4-3,지하,2,지상,1,15,1000,0054-021,2026-02-11
75,2호선,용두,내부#2,내부,신답 방면1-1,지하,2,지상,1,15,1000,0054-022,2026-02-11
76,2호선,용두,외부#1,3번출구,3번 출구 측,지하,1,지상,1,15,1000,0054-023,2026-02-11
77,2호선,용두,외부#2,4번출구,4번 출구 측,지하,1,지상,1,15,1000,0054-024,2026-02-11
78,2호선,신설동(2),내부#1,내부,신설동 방면4-4,지하,2,지하,1,15,1000,0027-703,2026-02-11
79,2호선,신설동(2),외부#1,9번출구,9번 출구 측,지하,1,지상,1,15,1000,0044-516,2026-02-11
80,2호선,신설동(2),외부#2,9번출구,9번 출구 측,지하,2,지상,1,17,1275,0168-265,2026-02-11
81,2호선,건대입구(2),내부#1,내부,성수 방면5-4,지상,2,지상,3,15,1000,0108-564,2026-02-11
82,2호선,건대입구(2),외부#1,6번출구,"구의 방면7-3, 6번 출구 측",지상,1,지상,3,20,1350,0095-448,2026-02-11
83,2호선,구의,내부#1,내부,건대입구 방면4-3,지상,2,지상,3,13,900,0028-196,2026-02-11
84,2호선,구의,외부#1,2번출구,"강변 방면7-2, 2번 출구 측",지상,1,지상,3,13,900,0028-197,2026-02-11
85,2호선,강변,내부#1,내부,구의 방면4-2,지상,1,지상,2,15,1000,0093-166,2026-02-11
86,2호선,강변,내부#2,내부,잠실나루 방면7-3,지상,1,지상,2,15,1000,0093-167,2026-02-11
87,2호선,잠실나루,내부#1,내부,강변 방면3-4,지상,1,지상,2,11,750,0012-789,2026-02-11
88,2호선,잠실나루,내부#2,내부,잠실 방면8-1,지상,1,지상,2,11,750,0012-790,2026-02-11
89,2호선,잠실(2),내부#1,내부,잠실나루 방면5-2,지하,2,지하,1,15,1000,0007-841,2026-02-11
90,2호선,잠실(2),내부#2,내부,잠실새내 방면6-3,지하,2,지하,1,13,1000,0007-842,2026-02-11
91,2호선,잠실(2),외부#1,6번출구,6번 출구 측,지하,1,지상,1,15,1000,0065-637,2026-02-11
92,2호선,잠실(2),외부#2,내부,1번 출구 측,지하,1,지상,1,15,1000,0089-517,2026-02-11
93,2호선,잠실새내,내부#1,내부,잠실방면7-3,지하,2,지하,1,13,1000,0008-945,2026-02-11
94,2호선,잠실새내,내부#2,내부,종합운동장 방면4-1,지하,2,지하,1,15,1000,0008-946,2026-02-11
95,2호선,잠실새내,외부#1,7번출구,7번 출구 측,지하,1,지상,1,15,1000,0075-476,2026-02-11
96,2호선,잠실새내,외부#2,2번출구,2번 출구 측,지하,1,지상,1,15,1000,0008-670,2026-02-11
97,2호선,종합운동장(2),내부#1,내부,잠실새내 방면2-4,지하,2,지하,1,15,1000,0008-146,2026-02-11
98,2호선,종합운동장(2),내부#2,내부,삼성 방면8-4,지하,2,지하,1,15,1000,0008-147,2026-02-11
99,2호선,종합운동장(2),외부#1,6번출구,6번 출구 측,지하,1,지상,1,15,1000,0008-148,2026-02-11
100,2호선,삼성,내부#1,내부,"종합운동장 방면3-1, 선릉 방면8-4",지하,2,지하,1,8,600,0007-844,2026-02-11
101,2호선,삼성,외부#1,1번출구,1번 출구 측,지하,1,지상,1,15,1000,0007-843,2026-02-11
102,2호선,삼성,외부#2,6번출구,6번 출구 측,지하,1,지상,1,15,1000,0014-060,2026-02-11
103,2호선,삼성,외부#4,4번출구,4번 출구 측,지하,1,지상,1,15,1000,0105-289,2026-02-11
104,2호선,선릉(2),외부#1,1번출구,1번 출구 측,지하,1,지상,1,15,1000,0066-856,2026-02-11
105,2호선,선릉(2),외부#2,5번출구,5번 출구 측,지하,1,지상,1,15,1000,0105-099,2026-02-11
106,2호선,선릉(2),외부#3,10번출구,10번 출구 측,지하,1,지상,1,15,1000,0072-904,2026-02-11
107,2호선,역삼,내부#1,내부,선릉 방면7-3,지하,2,지하,1,13,1000,0075-561,2026-02-11
108,2호선,역삼,내부#2,내부,강남 방면4-1,지하,2,지하,1,15,1000,0075-562,2026-02-11
109,2호선,역삼,외부#1,3번출구,3번 출구 측,지하,1,지상,1,11,1000,0065-638,2026-02-11
110,2호선,역삼,외부#2,4번출구,4번 출구 측,지하,1,지상,1,11,750,0075-563,2026-02-11
111,2호선,강남(2),내부#1,내부,역삼 방면8-1,지하,2,지하,1,15,1000,0087-544,2026-02-11
112,2호선,강남(2),내부#2,내부,교대 방면3-4,지하,2,지하,1,15,1000,0087-545,2026-02-11
113,2호선,강남(2),외부#1,1번출구,1번 출구 측,지하,1,지상,1,15,1000,0087-546,2026-02-11
114,2호선,강남(2),외부#2,10번출구,10번 출구 측,지하,1,지상,1,13,1000,0087-547,2026-02-11
115,2호선,교대(2),내부#1,내부,강남 방면8-4,지하,2,지하,1,15,1000,0008-151,2026-02-11
116,2호선,교대(2),내부#2,내부,서초 방면3-1,지하,2,지하,1,15,1000,0008-152,2026-02-11
117,2호선,교대(2),외부#1,5번출구,5번 출구 측,지하,1,지상,1,15,1000,0046-583,2026-02-11
118,2호선,서초,내부#1,내부,교대 방면2-4,지하,2,지하,1,13,900,0008-943,2026-02-11
119,2호선,서초,내부#2,내부,방배 방면9-1,지하,2,지하,1,13,900,0008-944,2026-02-11
120,2호선,서초,외부#1,1번출구,1번 출구 측,지하,1,지상,1,15,1000,0075-478,2026-02-11
121,2호선,서초,외부#2,4번출구," 3,4번 출구 측",지하,1,지상,1,15,1000,0072-667,2026-02-11
122,2호선,방배,내부#1,내부,서초 방면8-3,지하,2,지하,1,11,750,0008-947,2026-02-11
123,2호선,방배,내부#2,내부,사당 방면3-1,지하,2,지하,1,11,750,0008-948,2026-02-11
124,2호선,방배,외부#1,3번출구,3번 출구 측,지하,1,지상,1,11,1000,0046-582,2026-02-11
125,2호선,사당(2),내부#1,내부,방배 방면4-4,지하,2,지하,1,15,1000,0091-437,2026-02-11
126,2호선,사당(2),외부#1,14번출구,14번 출구 측,지하,1,지상,1,15,1000,0091-438,2026-02-11
127,2호선,사당(2),외부#2,6번출구,6번 출구 측,지하,1,지상,1,15,1000,0098-381,2026-02-11
128,2호선,낙성대,내부#1,내부,사당 방면8-2,지하,2,지하,1,15,1000,0020-064,2026-02-11
129,2호선,낙성대,내부#2,내부,서울대입구 방면3-3,지하,2,지하,1,15,1000,0020-065,2026-02-11
130,2호선,낙성대,외부#1,6번출구,6번 출구 측,지하,1,지상,1,15,1000,0020-066,2026-02-11
131,2호선,서울대입구,내부#1,내부,"봉천 방면6-2, 낙성대 방면5-3",지하,2,지하,1,11,750,0020-839,2026-02-11
132,2호선,서울대입구,외부#1,6번출구,6번 출구 측,지하,1,지상,1,9,750,0110-204,2026-02-11
133,2호선,서울대입구,외부#2,2번출구,2번 출구 측,지하,1,지상,1,9,750,0114-806,2026-02-11
134,2호선,봉천,내부#1,내부,"신림 방면4-4, 서울대 방면7-4",지하,2,지하,1,10,750,0060-936,2026-02-11
135,2호선,봉천,외부#1,4번출구,4번 출구 측,지하,1,지상,1,15,750,0060-937,2026-02-11
136,2호선,신림,내부#1,내부,"신대방 방면2-3, 봉천 방면7-4",지하,2,지하,1,15,1000,0019-759,2026-02-11
137,2호선,신림,외부#1,1번출구,1번 출구 측,지하,1,지상,1,15,1000,0019-760,2026-02-11
138,2호선,신림,외부#2,5번출구,5번 출구 측,지하,1,지상,1,15,1000,0092-886,2026-02-11
139,2호선,신대방,내부#1,내부,신림방면 3-4,지상,2,지상,3,11,750,0020-955,2026-02-11
140,2호선,신대방,내부#2,내부,구로디지털단지 방면8-1,지상,2,지상,3,11,750,0020-956,2026-02-11
141,2호선,신대방,외부#1,1번출구,1번 출구 측,지상,1,지상,2,11,750,0020-957,2026-02-11
142,2호선,구로디지털단지,내부#1,1번출구,신대방 방면3-4,지상,1,지상,2,11,1000,0019-757,2026-02-11
143,2호선,구로디지털단지,내부#2,내부,대림 방면7-4,지상,2,지상,3,11,1000,0019-758,2026-02-11
144,2호선,구로디지털단지,외부#1,6번출구,6번 출구 측,지상,2,지상,3,11,1000,0019-756,2026-02-11
145,2호선,구로디지털단지,외부#2,"2,3번출구","2,3번 출구 사이",지상,1,지상,2,21,1600,0156-754,2026-02-11
146,2호선,대림(2),외부#1,7번출구,7번 출구 측,지상,1,지상,2,15,1000,0107-009,2026-02-11
147,2호선,대림(2),외부#2,4번출구,4번 출구 측,지상,1,지상,2,15,1000,0060-929,2026-02-11
148,2호선,대림(2),내부1,내부,구로디지털단지 방면3-2,지상,2,지상,3,15,1000,0060-928,2026-02-11
149,2호선,대림(2),내부2,내부,신도림 방면8-3,지상,2,지상,3,15,1000,0060-927,2026-02-11
150,2호선,신도림(2),내부#1,내부,"대림 방면4-4, 문래 방면7-4",지하,2,지하,1,15,1000,0085-969,2026-02-11
151,2호선,신도림(2),내부#2,내부,대림 방면3-2,지하,2,지하,1,15,1000,0098-197,2026-02-11
152,2호선,신도림(2),외부#1,1번출구,1번 출구 측,지하,1,지상,2,17,1150,0109-522,2026-02-11
153,2호선,신도림(2),외부#2,2번출구,2번 출구 측,지하,1,지상,1,15,1000,0098-196,2026-02-11
154,2호선,도림천,내부#1,내부,신도림 방면4-4,지하,3,지하,2,11,750,0022-597,2026-02-11
155,2호선,도림천,외부#1,"1,2번출구",도림천 방면2-4,지하,3,지하,1,11,750,0022-596,2026-02-11
156,2호선,양천구청,내부#1,내부,신정네거리 방면4-1,지하,2,지하,1,11,750,0020-959,2026-02-11
157,2호선,양천구청,내부#2,내부,도림천 방면3-3,지하,2,지하,1,11,750,0020-960,2026-02-11
158,2호선,양천구청,외부#1,1번출구,1번 출구 측,지하,1,지상,1,15,1000,0020-958,2026-02-11
159,2호선,신정네거리,내부#1,내부,까치산 방면4-1,지하,3,지하,2,15,1000,0060-930,2026-02-11
160,2호선,신정네거리,내부#2,내부,양천구청 방면3-4,지하,3,지하,2,15,1000,0060-931,2026-02-11
161,2호선,신정네거리,외부#1,"2,3번출구",2번 출구 측,지하,2,지상,1,15,1000,0060-932,2026-02-11
162,2호선,문래,내부#1,내부,신도림 방면7-4,지하,2,지하,1,15,1000,0021-258,2026-02-11
163,2호선,문래,내부#2,내부,영등포구청 방면4-1,지하,2,지하,1,15,1000,0021-259,2026-02-11
164,2호선,문래,외부#1,5번출구,5번 출구 측,지하,1,지상,1,15,1000,0107-085,2026-02-11
165,2호선,문래,외부#2,1번출구,1번 출구 측,지하,1,지상,1,15,1000,0133-667,2026-02-11
166,2호선,영등포구청(2),내부#1,내부,문래 방면8-4,지하,2,지하,1,15,1000,0021-255,2026-02-11
167,2호선,영등포구청(2),내부#2,내부,당산 방면3-1,지하,2,지하,1,15,1000,0021-256,2026-02-11
168,2호선,영등포구청(2),외부#1,2번출구,2번 출구 측,지하,1,지상,1,15,1000,0021-254,2026-02-11
169,2호선,영등포구청(2),외부#2,5번출구,5번 출구 측,지하,1,지상,1,13,1000,0157-040,2026-02-11
170,2호선,당산(2),내부#1,내부,영등포구청 방면8-3,지상,2,지상,3,11,750,0020-068,2026-02-11
171,2호선,당산(2),내부#2,내부,합정 방면3-2,지상,2,지상,3,11,750,0020-069,2026-02-11
172,2호선,당산(2),외부#1,4번출구,4번 출구 측,지상,1,지상,2,11,750,0020-067,2026-02-11
173,2호선,당산(2),외부#2,3번출구,3번 출구 측,지상,1,지상,2,13,1000,0156-907,2026-02-11
174,2호선,합정(2),내부#1,내부,당산 방면4-1,지하,2,지하,1,15,1000,0073-427,2026-02-11
175,2호선,합정(2),내부#2,내부,홍대입구 방면7-3,지하,2,지하,1,15,1000,0042-092,2026-02-11
176,2호선,합정(2),외부#1,1번출구,"1,2번 출구 사이",지하,1,지상,1,15,1000,0103-758,2026-02-11
177,2호선,합정(2),외부#2,4번출구,"3,4번 출구 사이",지하,1,지상,1,15,1000,0073-978,2026-02-11
178,2호선,홍대입구(2),내부#1,내부,"합정 방면7-2, 신촌 방면4-3",지하,2,지하,1,15,1000,0102-349,2026-02-11
179,2호선,홍대입구(2),외부#1,8번출구,8번 출구 측,지하,1,지상,1,15,1000,0102-350,2026-02-11
180,2호선,신촌,내부#1,내부,홍대입구 방면8-4,지하,2,지하,1,15,1000,0102-373,2026-02-11
181,2호선,신촌,내부#2,내부,이대 방면4-4,지하,2,지하,1,15,1000,0102-374,2026-02-11
182,2호선,신촌,외부#1,4번출구,4번 출구 측,지하,1,지상,1,15,1000,0039-954,2026-02-11
183,2호선,신촌,외부#2,6번출구,6번 출구 측,지하,1,지상,1,15,1000,0127-889,2026-02-11
184,2호선,이대,내부#1,내부,"신촌 방면2-2, 아현 방면9-3",지하,2,지하,1,11,750,0102-372,2026-02-11
185,2호선,이대,외부#1,6번출구,6번 출구 측,지하,1,지상,1,15,1000,0042-093,2026-02-11
186,2호선,이대,외부#2,2번출구,2번 출구 측,지하,1,지상,1,13,1000,0152-647,2026-02-11
187,2호선,아현,내부#1,내부,이대 방면7-2,지하,2,지하,1,15,1000,0102-369,2026-02-11
188,2호선,아현,내부#2,내부,충정로 방면4-3,지하,2,지하,1,15,1000,0102-370,2026-02-11
189,2호선,아현,외부#1,3번출구,3번 출구 측,지하,1,지상,1,15,1000,0042-109,2026-02-11
190,2호선,아현,외부#2,1번출구,1번 출구 측,지하,1,지상,1,15,1000,0129-011,2026-02-11
191,2호선,충정로(2),내부#1,내부,"아현 방면2-1, 시청 방면9-4",지하,3,지하,2,13,900,0039-953,2026-02-11
192,2호선,충정로(2),외부#1,5번출구,5번 출구 측,지하,2,지상,1,9,600,0105-868,2026-02-11
193,3호선,지축,내부#1,내부,"삼송 방면2-1, 구파발 방면9-4",지상,1,지상,2,15,1000,2040-730,2026-02-11
194,3호선,구파발,내부#1,내부,"지축 방면5-3, 연신내 방면6-2",지하,2,지하,1,15,1000,0081-259,2026-02-11
195,3호선,구파발,외부#1,1번출구,1번 출구 측,지하,1,지상,1,15,1000,0081-260,2026-02-11
196,3호선,연신내(3),내부#1,내부,"구파발 방면6-1, 불광 방면5-4",지하,2,지하,1,13,1000,0102-345,2026-02-11
197,3호선,불광(3),내부#1,내부,연신내 방면3-3,지하,2,지하,1,11,750,0039-994,2026-02-11
198,3호선,불광(3),내부#2,내부,녹번 방면8-2,지하,2,지하,1,11,750,0002-833,2026-02-11
199,3호선,불광(3),외부#1,1번출구,1번 출구 측,지하,1,지상,1,15,1000,0102-055,2026-02-11
200,3호선,불광(3),외부#2,3번출구,3번 출구 측,지하,1,지상,1,13,1000,0161-352,2026-02-11
201,3호선,녹번,내부#1,내부,"불광 방면3-1, 홍제 방면8-4",지하,2,지하,1,15,1000,0102-399,2026-02-11
202,3호선,녹번,외부#1,3번출구,3번 출구 측,지하,1,지상,1,15,1000,0080-695,2026-02-11
203,3호선,녹번,외부#2,1번출구,1번 출구 측,지하,1,지상,1,17,1150,0127-909,2026-02-11
204,3호선,홍제,내부#1,내부,"녹번 방면3-4, 무악재 방면8-1",지하,3,지하,2,11,750,0102-346,2026-02-11
205,3호선,홍제,외부#1,4번출구,4번 출구 측,지하,2,지상,1,11,750,0039-995,2026-02-11
206,3호선,홍제,외부#2,1번출구,1번 출구 측,지하,1,지상,1,15,1000,0073-438,2026-02-11
207,3호선,무악재,내부#1,내부,홍제 방면3-3,지하,3,지하,2,11,750,0082-061,2026-02-11
208,3호선,무악재,내부#2,내부,독립문 방면8-2,지하,3,지하,2,11,750,0082-062,2026-02-11
209,3호선,무악재,외부#1,1번출구,1번 출구 측,지하,2,지상,1,11,750,0082-063,2026-02-11
210,3호선,독립문,내부#1,내부,"무악재 방면9-1, 경복궁 방면2-4",지하,3,지하,2,15,1000,0039-996,2026-02-11
211,3호선,독립문,외부#1,4번출구,4번 출구 측,지하,2,지상,1,15,1000,0102-347,2026-02-11
212,3호선,경복궁,내부#1,내부,"독립문 방면6-2, 안국 방면5-3",지하,3,지하,2,11,1000,0000-388,2026-02-11
213,3호선,경복궁,외부#1,4번출구,4번 출구 측,지하,2,지상,1,11,1000,0000-719,2026-02-11
214,3호선,안국,내부#1,내부,"경복궁 방면3-2, 종로3가 방면8-3",지하,3,지하,2,15,1000,0000-591,2026-02-11
215,3호선,안국,외부#1,6번출구,6번 출구 측,지하,2,지상,1,15,1000,0000-592,2026-02-11
216,3호선,종로3가(3),내부#1,내부,"안국 방면4-3, 을지로3가 방면7-1",지하,4,지하,2,15,1000,0125-744,2026-02-11
217,3호선,종로3가(3),외부#1,8번출구,8번 출구 측,지하,1,지상,1,15,1000,0125-743,2026-02-11
218,3호선,을지로3가(3),내부#1,내부,"종로3가 방면6-3, 충무로 방면5-2",지하,3,지하,1,15,750,0040-427,2026-02-11
219,3호선,을지로3가(3),외부#1,10번출구,10번 출구 측,지하,1,지상,1,15,750,0040-428,2026-02-11
220,3호선,동대입구,내부#1,내부,"충무로 방면3-1, 약수 방면8-4",지하,3,지하,2,15,1000,0003-046,2026-02-11
221,3호선,동대입구,내부#2,내부,대합실(F계단 측),지하,2,지하,1,16,1000,0118-605,2026-02-11
222,3호선,동대입구,외부#1,6번출구,6번 출구 측,지하,2,지상,1,15,1000,0102-299,2026-02-11
223,3호선,동대입구,외부#2,2번출구,2번 출구 측,지하,2,지상,1,13,1000,0158-563,2026-02-11
224,3호선,약수(3),내부#1,내부,"동대입구 방면8-4, 금호 방면3-1",지하,2,지하,1,13,1000,0102-482,2026-02-11
225,3호선,약수(3),외부#1,3번출구,3번 출구 측,지하,1,지상,1,15,1000,0073-377,2026-02-11
226,3호선,금호,내부#1,내부,"약수 방면3-2, 옥수 방면8-3",지하,2,지하,1,15,1000,0102-309,2026-02-11
227,3호선,금호,외부#1,2번출구,2번 출구 측,지하,1,지상,1,15,1000,0041-329,2026-02-11
228,3호선,금호,외부#2,3번출구,3번 출구 측,지하,1,지상,1,15,1000,0145-645,2026-02-11
229,3호선,옥수(3),내부#1,내부,금호 방면10-1,지상,2,지상,3,15,1000,0074-036,2026-02-11
230,3호선,옥수(3),내부#2,내부,압구정 방면1-2,지상,2,지상,3,15,1000,0074-037,2026-02-11
231,3호선,옥수(3),외부#1,"4,5번출구","4,5번 출구 측",지상,1,지상,2,15,900,0040-429,2026-02-11
232,3호선,압구정,내부#1,내부,옥수 방면8-2,지하,2,지하,1,11,750,0033-201,2026-02-11
233,3호선,압구정,내부#2,내부,신사 방면3-2,지하,2,지하,1,11,750,0033-202,2026-02-11
234,3호선,압구정,외부#1,3번출구,3번 출구 측,지하,1,지상,1,15,1000,0137-278,2026-02-11
235,3호선,압구정,외부#2,2번출구,2번 출구 측,지하,1,지상,1,15,1000,0108-323,2026-02-11
236,3호선,신사,내부#1,내부,압구정 방면3-1,지하,2,지하,1,15,1000,0049-398,2026-02-11
237,3호선,신사,내부#2,내부,잠원 방면8-3,지하,2,지하,1,15,1000,0049-407,2026-02-11
238,3호선,신사,외부#1,1번출구,1번 출구 측,지하,1,지상,1,15,1000,0099-799,2026-02-11
239,3호선,신사,외부#2,8번출구,8번 출구 측,지하,1,지상,1,15,1000,0110-416,2026-02-11
240,3호선,잠원,내부#1,내부,신사 방면3-3,지하,2,지하,1,11,1000,0033-321,2026-02-11
241,3호선,잠원,내부#2,내부,고속터미널 방면8-2,지하,2,지하,1,15,1000,0035-271,2026-02-11
242,3호선,잠원,외부#1,1번출구,1번 출구 측,지하,1,지상,1,15,1000,0033-320,2026-02-11
243,3호선,고속터미널(3),내부#1,내부,잠원 방면8-2,지하,3,지하,2,15,1000,0033-322,2026-02-11
244,3호선,고속터미널(3),내부#2,내부,교대 방면3-3,지하,3,지하,2,15,1000,0033-323,2026-02-11
245,3호선,교대(3),외부#1,13번출구,13번 출구 측,지하,1,지상,1,13,1000,0151-807,2026-02-11
246,3호선,교대(3),내부#1,내부,"고속터미널 방면4-2, 남부터미널 방면7-3",지하,3,지하,1,15,1000,0035-270,2026-02-11
247,3호선,남부터미널,내부#1,내부,교대 방면3-2,지하,3,지하,2,15,1000,0101-445,2026-02-11
248,3호선,남부터미널,내부#2,내부,양재 방면8-2,지하,3,지하,2,15,1000,0101-446,2026-02-11
249,3호선,남부터미널,외부#1,5번출구,5번 출구 측,지하,2,지상,1,15,1000,0093-684,2026-02-11
250,3호선,양재(3),내부#1,내부,남부터미널 방면3-1,지하,2,지하,1,11,750,0099-778,2026-02-11
251,3호선,양재(3),내부#2,내부,매봉 방면8-4,지하,2,지하,1,11,750,0099-779,2026-02-11
252,3호선,양재(3),외부#2,4번출구,4번 출구 측,지하,1,지상,1,15,1000,0110-414,2026-02-11
253,3호선,양재(3),외부#1,11번출구,11번 출구 측,지하,1,지상,1,15,1000,0099-776,2026-02-11
254,3호선,양재(3),외부#3,1번출구,1번 출구 측,지하,1,지상,1,21,1600,0159-346,2026-02-11
255,3호선,매봉,내부#1,내부,양재 방면5-4,지하,2,지하,1,13,1000,0033-324,2026-02-11
256,3호선,매봉,내부#2,내부,도곡 방면6-1,지하,2,지하,1,13,1000,0033-325,2026-02-11
257,3호선,매봉,외부#1,1번출구,1번 출구 측,지하,1,지상,1,13,900,0035-269,2026-02-11
258,3호선,대치,내부#1,내부,"도곡 방면1-1, 학여울 방면10-4",지하,3,지하,1,13,1000,0033-207,2026-02-11
259,3호선,대치,외부#1,7번출구,7번 출구 측,지하,1,지상,1,15,1000,0099-954,2026-02-11
260,3호선,학여울,내부#1,내부,대치 방면5-4,지하,5,지하,4,15,1000,0033-368,2026-02-11
261,3호선,학여울,내부#2,내부,대청 방면6-1,지하,5,지하,4,15,1000,0033-369,2026-02-11
262,3호선,학여울,외부#1,1번출구,1번 출구 측,지하,4,지상,1,15,1000,0105-142,2026-02-11
263,3호선,대청,내부#1,내부,학여울 방면4-4,지하,3,지하,2,15,1000,0035-268,2026-02-11
264,3호선,대청,내부#2,내부,일원 방면7-1,지하,3,지하,2,15,1000,0035-267,2026-02-11
265,3호선,대청,외부#1,8번출구,8번 출구 측,지하,2,지상,1,15,1000,0035-266,2026-02-11
266,3호선,일원,내부#1,내부,대청 방면6-3,지하,3,지하,2,13,1000,0035-326,2026-02-11
267,3호선,일원,내부#2,내부,수서 방면5-2,지하,3,지하,2,15,1000,0035-327,2026-02-11
268,3호선,일원,외부#2,1번출구,1번 출구 측,지하,2,지상,1,17,1150,0125-974,2026-02-11
269,3호선,일원,외부#3,1번출구,1번 출구 측,지하,2,지상,1,17,1150,0125-975,2026-02-11
270,3호선,수서(3),내부#1,내부,일원 방면8-3,지하,2,지하,1,9,600,0033-206,2026-02-11
271,3호선,수서(3),내부#2,내부,가락시장 방면3-2,지하,2,지하,1,15,1000,0033-205,2026-02-11
272,3호선,수서(3),외부#1,1번출구,1번 출구 측,지하,1,지상,1,15,1000,0033-203,2026-02-11
273,3호선,수서(3),외부#2,5번출구,5번 출구 측,지하,1,지상,1,17,1150,0115-093,2026-02-11
274,3호선,가락시장(3),내부#1,내부,수서 방면8-2,지하,4,지하,2,15,1000,0100-025,2026-02-11
275,3호선,가락시장(3),내부#2,내부,경찰병원 방면3-2,지하,4,지하,2,15,1000,0100-026,2026-02-11
276,3호선,가락시장(3),외부#1,7번출구,7번 출구 측,지하,2,지상,1,15,1000,0100-027,2026-02-11
277,3호선,경찰병원,내부#1,내부,가락시장 방면4-2,지하,3,지하,1,15,1000,0099-889,2026-02-11
278,3호선,경찰병원,내부#2,내부,오금 방면 7-3,지하,3,지하,1,15,1000,0099-890,2026-02-11
279,3호선,경찰병원,외부#1,1번출구,1번 출구 측,지하,1,지상,1,15,1000,0099-887,2026-02-11
280,3호선,경찰병원,외부#2,3번출구,3번 출구 측,지하,1,지상,1,15,1000,0099-888,2026-02-11
281,3호선,오금(3),내부#1,내부,경찰병원 방면5-1,지하,4,지하,1,15,1000,0099-955,2026-02-11
282,3호선,오금(3),내부#2,내부,오금 방면6-4,지하,4,지하,1,15,1000,0099-956,2026-02-11
283,3호선,오금(3),외부#1,1번출구,1번 출구 측,지하,1,지상,1,15,1000,0099-957,2026-02-11
284,4호선,당고개,내부#1,내부,별내별가람 방면6-1,지상,2,지상,3,13,1000,0085-251,2026-02-11
285,4호선,당고개,내부#2,내부,상계 방면5-4,지상,2,지상,3,15,1000,0085-252,2026-02-11
286,4호선,당고개,외부#1,1번출구,1번 출구 측,지상,1,지상,2,15,1000,0085-253,2026-02-11
287,4호선,상계,외부#1,"1,2번출구","대합실(1,2번 출구 사이)",지상,1,지상,2,15,1000,0085-254,2026-02-11
288,4호선,상계,내부#1,내부,당고개 방면1-3,지상,2,지상,3,11,825,0168-409,2026-02-11
289,4호선,노원(4),내부#1,내부,상계 방면8-4,지상,2,지상,3,15,1000,0085-261,2026-02-11
290,4호선,노원(4),외부#1,2번출구,2번 출구 측,지상,1,지상,2,15,1000,0095-391,2026-02-11
291,4호선,노원(4),외부#2,9번출구,9번 출구 측,지상,1,지상,2,15,1000,0086-473,2026-02-11
292,4호선,창동(4),내부#1,내부,노원 방면2-4,지상,2,지상,3,15,1000,0125-524,2026-02-11
293,4호선,창동(4),내부#2,내부,노원 방면8-2,지상,2,지상,3,15,1000,0125-527,2026-02-11
294,4호선,창동(4),내부#3,내부,쌍문 방면8-4,지상,2,지상,3,15,1000,0125-526,2026-02-11
295,4호선,창동(4),내부#4,내부,쌍문 방면3-2,지상,2,지상,3,15,1000,0125-525,2026-02-11
296,4호선,창동(4),내부#5,내부,쌍문 방면6-1(1호선 소요산방면),지상,1,지상,3,21,1600,0159-084,2026-02-11
297,4호선,창동(4),내부#6,내부,쌍문 방면6-1(1호선 인천방면),지상,1,지상,3,21,1600,0159-085,2026-02-11
298,4호선,창동(4),외부#1,1번출구,1번 출구 측,지상,1,지상,2,13,1000,0028-004,2026-02-11
299,4호선,창동(4),외부#2,2번출구,2번 출구 측,지상,1,지상,2,13,1000,0028-005,2026-02-11
300,4호선,쌍문,내부#1,내부,창동 방면8-2,지하,2,지하,1,13,1000,0085-219,2026-02-11
301,4호선,쌍문,내부#2,내부,수유 방면3-4,지하,2,지하,1,13,1000,0085-220,2026-02-11
302,4호선,쌍문,외부#1,1번출구,1번 출구 측,지하,1,지상,1,15,1000,0028-002,2026-02-11
303,4호선,수유,내부#1,내부,쌍문 방면7-1,지하,2,지하,1,13,1000,0085-196,2026-02-11
304,4호선,수유,내부#2,내부,미아 방면4-4,지하,2,지하,1,15,1000,0085-197,2026-02-11
305,4호선,수유,외부#1,"1,2번출구","1,2번 출구 사이",지하,1,지상,1,13,1000,0019-375,2026-02-11
306,4호선,미아,내부#1,내부,수유 방면8-2,지하,2,지하,1,11,900,0085-194,2026-02-11
307,4호선,미아,내부#2,내부,미아사거리 방면3-4,지하,2,지하,1,11,900,0085-195,2026-02-11
308,4호선,미아,외부#1,"1,2번출구","1,2번 출구 사이",지하,1,지상,1,15,1000,0019-374,2026-02-11
309,4호선,미아사거리,내부#1,내부,미아 방면3-1,지하,2,지하,1,13,900,0019-373,2026-02-11
310,4호선,미아사거리,내부#2,내부,길음 방면8-3,지하,2,지하,1,12,900,0019-372,2026-02-11
311,4호선,길음,내부#1,내부,미아사거리 방면6-1,지하,2,지하,1,13,1000,0055-620,2026-02-11
312,4호선,길음,외부#1,5번출구,5번 출구 측,지하,1,지상,1,13,1000,0055-621,2026-02-11
313,4호선,길음,외부#2,4번출구,4번 출구 측,지하,1,지상,1,15,1000,0028-290,2026-02-11
314,4호선,성신여대입구(4),내부#1,내부,길음 방면8-2,지하,2,지하,1,11,750,0055-622,2026-02-11
315,4호선,성신여대입구(4),내부#2,내부,한성대입구 방면3-4,지하,2,지하,1,11,750,0055-623,2026-02-11
316,4호선,성신여대입구(4),외부#1,2번출구,2번 출구 측,지하,1,지상,1,15,1000,0056-491,2026-02-11
317,4호선,성신여대입구(4),외부#2,3번출구,3번 출구 측,지하,1,지상,1,11,750,0028-003,2026-02-11
318,4호선,한성대입구,내부#1,내부,성신여대입구 방면6-1,지하,2,지하,1,15,1000,0055-618,2026-02-11
319,4호선,한성대입구,외부#1,"3,4번출구","3,4번 출구 사이",지하,1,지상,1,15,1000,0055-619,2026-02-11
320,4호선,한성대입구,외부#2,5번출구,5번 출구 측,지하,1,지상,1,15,1000,0095-380,2026-02-11
321,4호선,혜화,내부#1,내부,한성대입구 방면7-4,지하,2,지하,1,11,750,0000-911,2026-02-11
322,4호선,혜화,내부#2,내부,동대문(4) 방면3-4,지하,2,지하,1,11,750,0000-910,2026-02-11
323,4호선,혜화,외부#1,2번출구,2번 출구 측,지하,1,지상,1,11,750,0000-908,2026-02-11
324,4호선,혜화,외부#2,3번출구,3번 출구 측,지하,1,지상,1,11,1000,0000-909,2026-02-11
325,4호선,동대문(4),내부#1,내부,혜화 방면6-3,지하,4,지하,1,15,1000,0000-523,2026-02-11
326,4호선,동대문(4),외부#1,9번출구,9번 출구 측,지하,1,지상,1,15,1000,0000-524,2026-02-11
327,4호선,동대문역사문화공원(4),내부#1,내부,동대문(4) 방면4-4,지하,3,지하,1,13,900,0039-975,2026-02-11
328,4호선,동대문역사문화공원(4),외부#1,4번출구,4번 출구 측,지하,1,지상,1,13,1000,0158-131,2026-02-11
329,4호선,충무로(4),내부#1,내부,동대문역사문화공원 방면8-1,지하,3,지하,1,15,1000,0003-715,2026-02-11
330,4호선,충무로(4),내부#2,내부,명동 방면3-3,지하,3,지하,1,13,1000,0003-714,2026-02-11
331,4호선,충무로(4),내부#3,내부,대합실(B3),지하,4,지하,2,13,1000,0152-338,2026-02-11
332,4호선,충무로(4),외부#1,7번출구,7번 출구 측,지하,1,지상,1,8,600,0040-481,2026-02-11
333,4호선,명동,외부#1,1번출구,1번 출구 측,지하,1,지상,1,15,1000,0111-744,2026-02-11
334,4호선,명동,내부#1,내부,대합실,지하,4,지하,1,10,750,0152-514,2026-02-11
335,4호선,회현,내부#1,내부,명동 방면10-1,지하,4,지하,1,15,1000,0003-716,2026-02-11
336,4호선,회현,외부#1,1번출구,"3,4,5번 출구 중심",지하,1,지상,1,15,1000,0120-838,2026-02-11
337,4호선,서울역(4),내부#1,내부,회현 방면9-1,지하,2,지하,1,13,1000,0003-773,2026-02-11
338,4호선,서울역(4),외부#1,12번출구,12번 출구 측,지하,1,지상,1,13,900,0040-482,2026-02-11
339,4호선,숙대입구,내부#1,내부,서울역(4) 방면8-1,지하,2,지하,1,15,1000,0003-771,2026-02-11
340,4호선,숙대입구,내부#2,내부,삼각지 방면3-3,지하,2,지하,1,15,1000,0003-772,2026-02-11
341,4호선,숙대입구,외부#1,10번출구,10번 출구 측,지하,1,지상,1,15,1000,0102-480,2026-02-11
342,4호선,삼각지(4),내부#1,내부,숙대입구 방면4-3,지하,2,지하,1,15,1000,0051-245,2026-02-11
343,4호선,삼각지(4),내부#2,내부,신용산 방면7-2,지하,2,지하,1,15,1000,0051-246,2026-02-11
344,4호선,삼각지(4),외부#1,"1,2번출구","1,2번 출구 측",지하,1,지상,1,15,1000,0073-386,2026-02-11
345,4호선,삼각지(4),외부#2,"5,6번출구","5,6번 출구 측",지하,1,지상,1,15,1000,0073-707,2026-02-11
346,4호선,삼각지(4),외부#3,3번출구,3번 출구 측,지하,1,지상,1,15,1000,0136-819,2026-02-11
347,4호선,신용산,내부#1,내부,삼각지 방면8-2,지하,2,지하,1,15,1000,0102-379,2026-02-11
348,4호선,신용산,내부#2,내부,이촌 방면3-2,지하,2,지하,1,15,1000,0102-380,2026-02-11
349,4호선,신용산,외부#1,1번출구,1번 출구 측,지하,2,지상,1,20,1350,0127-849,2026-02-11
350,4호선,신용산,외부#2,4번출구,4번 출구 측,지하,1,지상,1,15,1000,0120-390,2026-02-11
351,4호선,이촌(4),내부#1,내부,신용산 방면8-1,지하,2,지하,1,15,1000,0003-769,2026-02-11
352,4호선,이촌(4),내부#2,내부,동작 방면3-3,지하,2,지하,1,15,1000,0003-770,2026-02-11
353,4호선,이촌(4),외부#1,1번출구,1번 출구 측,지하,1,지상,1,15,1000,0102-381,2026-02-11
354,4호선,이촌(4),외부#2,2번출구,2번 출구 측,지하,1,지상,1,17,1150,0084-010,2026-02-11
355,4호선,이촌(4),내부#3,1번출구,환승통로,지하,1,지상,1,21,1600,0152-758,2026-02-11
356,4호선,동작(4),내부#1,내부,이촌 방면7-4,지상,2,지상,3,10,750,0097-625,2026-02-11
357,4호선,동작(4),내부#2,내부,총신대입구 방면4-4,지상,1,지상,3,11,1000,0031-516,2026-02-11
358,4호선,총신대입구(4),내부#1,내부,동작 방면7-3,지하,2,지하,1,15,1000,0031-512,2026-02-11
359,4호선,총신대입구(4),내부#2,내부,사당(4) 방면8-3,지하,2,지하,1,15,1000,0031-513,2026-02-11
360,4호선,총신대입구(4),외부#1,1번출구,1번 출구 측,지하,1,지상,1,15,1000,0110-215,2026-02-11
361,4호선,총신대입구(4),외부#2,14번출구,14번 출구 측,지하,1,지상,1,15,1000,0031-515,2026-02-11
362,4호선,사당(4),내부#1,내부,총신대입구 방면9-2,지하,3,지하,1,13,900,0097-112,2026-02-11
363,4호선,사당(4),외부#1,"9,10번출구","9,10번 출구 사이",지하,1,지상,1,15,1000,0031-517,2026-02-11
364,4호선,남태령,내부#1,내부,사당 방면3-3,지하,3,지하,2,11,750,0099-926,2026-02-11
365,4호선,남태령,내부#2,1번출구,1번 출구 측,지하,2,지하,1,13,1000,0099-927,2026-02-11
366,4호선,남태령,외부#1,2번출구,2번 출구 측,지하,1,지상,1,15,1000,0099-928,2026-02-11
367,5호선,방화,1,내부,방화 방면4-4,지하,2,지하,1,11,750,0097-206,2026-02-11
368,5호선,방화,2,내부,개화산 방면4-4,지하,2,지하,1,11,750,0097-207,2026-02-11
369,5호선,방화,3,2번출구,2번 출구 측,지하,1,지상,1,15,1000,0031-396,2026-02-11
370,5호선,개화산,1,1번출구,1번 출구 측(대합실 내),지하,2,지상,1,24,1600,0059-336,2026-02-11
371,5호선,개화산,2,2번출구,2번 출구 측(대합실 내),지하,2,지상,1,15,1000,0059-337,2026-02-11
372,5호선,김포공항,1,내부,개화산 방면6-3,지하,3,지하,2,15,1000,0091-364,2026-02-11
373,5호선,김포공항,2,내부,송정 방면3-1,지하,3,지하,2,15,1000,0091-365,2026-02-11
374,5호선,송정,1,내부,마곡 방면4-4,지하,3,지하,2,15,1000,0097-632,2026-02-11
375,5호선,송정,2,내부,김포공항 방면4-4,지하,3,지하,2,15,1000,0097-633,2026-02-11
376,5호선,송정,3,2번출구,2번 출구 측,지하,2,지상,1,15,1000,0097-634,2026-02-11
377,5호선,송정,4,3번출구,3번 출구 측,지하,1,지상,1,15,1000,0097-635,2026-02-11
378,5호선,마곡,1,내부,발산 방면5-1,지하,2,지하,1,15,1000,0059-348,2026-02-11
379,5호선,마곡,2,내부,송정 방면5-1,지하,2,지하,1,15,1000,0059-349,2026-02-11
380,5호선,마곡,3,1번출구,1번 출구 측,지하,1,지상,1,15,1000,0059-350,2026-02-11
381,5호선,마곡,4,"6,7번출구","6,7번 출구 사이",지하,1,지상,1,24,1600,0115-890,2026-02-11
382,5호선,마곡,5,3번출구,3번 출구 측,지하,1,지상,1,21,1600,0144-531,2026-02-11
383,5호선,마곡,6,"4,5번출구","4,5번 출구 사이",지하,1,지상,1,21,1600,0144-546,2026-02-11
384,5호선,발산,1,내부,송정 방면5-1,지하,2,지하,1,15,1000,0097-201,2026-02-11
385,5호선,발산,2,내부,우장산 방면4-3,지하,2,지하,1,15,1000,0097-202,2026-02-11
386,5호선,발산,3,7번출구,7번 출구 측,지하,1,지상,1,15,1000,0097-203,2026-02-11
387,5호선,우장산,1,내부,발산 방면4-2,지하,2,지하,1,15,1000,0059-338,2026-02-11
388,5호선,우장산,2,내부,화곡 방면5-3,지하,2,지하,1,15,1000,0059-339,2026-02-11
389,5호선,우장산,3,1번출구,1번 출구 측,지하,1,지상,1,15,1000,0059-340,2026-02-11
390,5호선,화곡,1,내부,까치산 방면4-3,지하,2,지하,1,11,750,0073-248,2026-02-11
391,5호선,화곡,2,2번출구,2번 출구 측,지하,1,지상,1,15,1000,0031-395,2026-02-11
392,5호선,까치산,1,내부,대합실(지하4층 화장실),지하,4,지하,1,15,1000,0061-703,2026-02-11
393,5호선,까치산,2,2번출구,고객안전실 측,지하,1,지상,1,13,1000,0141-779,2026-02-11
394,5호선,까치산,3,내부,내부 상선측,지하,5,지하,1,15,1150,0164-110,2026-02-11
395,5호선,까치산,4,내부,내부 하선측,지하,5,지하,1,21,1600,0164-111,2026-02-11
396,5호선,신정,1,내부,까치산 방면1-1,지하,3,지하,2,11,750,0097-211,2026-02-11
397,5호선,신정,2,내부,목동 방면1-4,지하,3,지하,2,11,750,0097-212,2026-02-11
398,5호선,목동,1,내부,신정 방면5-1,지하,2,지하,1,15,1000,0059-308,2026-02-11
399,5호선,목동,2,내부,오목교 방면4-4,지하,2,지하,1,15,1000,0059-309,2026-02-11
400,5호선,목동,3,5번출구,5번 출구 측,지하,1,지상,1,15,1000,0031-394,2026-02-11
401,5호선,오목교,1,내부,목동 방면7-1,지하,3,지하,1,15,1000,0059-198,2026-02-11
402,5호선,오목교,2,내부,양평 방면2-4,지하,3,지하,1,15,1000,0058-164,2026-02-11
403,5호선,오목교,3,7번출구,7번 출구 측,지하,1,지상,1,15,1000,0059-199,2026-02-11
404,5호선,양평,1,내부,오목교 방면3-2,지하,5,지하,1,15,1000,0059-371,2026-02-11
405,5호선,양평,2,내부,영등포구청 방면6-3,지하,5,지하,4,15,1000,0059-372,2026-02-11
406,5호선,양평,3,2번출구,2번 출구 측,지하,1,지상,1,15,1000,0097-663,2026-02-11
407,5호선,영등포구청,1,"6,7번출구","6,7번 출구 사이(공영주차장입구)",지하,5,지상,1,15,1000,0097-661,2026-02-11
408,5호선,영등포구청,2,내부,영등포시장 방면5-4,지하,5,지하,4,15,1000,0097-662,2026-02-11
409,5호선,영등포구청,3,내부,양평 방면8-4,지하,5,지하,4,15,1000,0109-790,2026-02-11
410,5호선,영등포구청,4,내부,영등포시장 방면1-1,지하,5,지하,4,12,1000,0149-121,2026-02-11
411,5호선,영등포시장,1,내부,영등포구청 방면4-3,지하,6,지하,5,15,1000,0059-374,2026-02-11
412,5호선,영등포시장,2,내부,신길 방면5-2,지하,6,지하,1,15,1000,0059-373,2026-02-11
413,5호선,영등포시장,3,2번출구,2번 출구 측,지하,1,지상,1,21,1600,0148-101,2026-02-11
414,5호선,신길,1,내부,영등포시장 방면5-3,지하,4,지하,3,15,1000,0031-300,2026-02-11
415,5호선,신길,2,내부,여의도 방면4-2,지하,4,지하,3,15,1000,0031-312,2026-02-11
416,5호선,신길,3,3번출구,3번 출구 측,지하,2,지상,1,15,1000,0031-311,2026-02-11
417,5호선,신길,4,내부,여의도 방면1-1,지하,4,지하,3,15,1000,0109-789,2026-02-11
418,5호선,신길,5,내부,영등포시장 방면8-4,지하,4,지하,3,24,1600,0140-313,2026-02-11
419,5호선,신길,6,내부,환승통로(1호선),지하,3,지하,1,15,1150,0143-173,2026-02-11
420,5호선,여의도,1,내부,신길 방면6-4,지하,4,지하,1,15,1000,0058-165,2026-02-11
421,5호선,여의도,2,내부,여의나루 방면6-4,지하,4,지하,1,15,1000,0021-285,2026-02-11
422,5호선,여의나루,1,내부,"여의도 방면6-2, 마포 방면3-3",지하,5,지하,1,15,1000,0097-671,2026-02-11
423,5호선,여의나루,2,내부,대합실(지하2층),지하,1,지하,M,11,750,0097-673,2026-02-11
424,5호선,여의나루,3,4번출구,4번 출구 측,지하,M,지상,1,15,1000,0097-672,2026-02-11
425,5호선,마포,1,내부,"여의나루 방면5-1, 공덕 방면4-4",지하,5,지하,1,15,1000,0040-716,2026-02-11
426,5호선,마포,2,2번출구,2번 출구 측,지하,1,지상,1,15,1000,0040-717,2026-02-11
427,5호선,공덕,1,내부,환승통로(6호선),지하,3,지하,1,15,1000,0102-136,2026-02-11
428,5호선,공덕,2,2번출구,2번 출구 측,지하,1,지상,1,15,1000,0102-137,2026-02-11
429,5호선,애오개,1,내부,공덕 방면4-4,지하,4,지하,3,15,1000,0102-183,2026-02-11
430,5호선,애오개,2,내부,충정로 방면5-1,지하,4,지하,3,15,1000,0102-184,2026-02-11
431,5호선,애오개,3,내부,대합실(지하3층),지하,3,지하,1,15,1000,0102-185,2026-02-11
432,5호선,애오개,4,2번출구,2번 출구 측,지하,1,지상,1,15,1000,0040-267,2026-02-11
433,5호선,애오개,5,3번출구,3번 출구 측,지하,1,지상,1,24,1600,0051-370,2026-02-11
434,5호선,충정로(5),1,내부,"애오개 방면3-3, 서대문 방면6-2",지하,5,지하,1,15,1000,0040-426,2026-02-11
435,5호선,충정로(5),2,8번출구,8번 출구 측,지하,1,지상,1,15,1000,0102-186,2026-02-11
436,5호선,서대문,1,내부,"충정로 방면3-2, 광화문 방면6-3",지하,4,지하,1,15,1000,0000-441,2026-02-11
437,5호선,서대문,2,2번출구,2번 출구 측,지하,1,지상,1,15,1000,0000-442,2026-02-11
438,5호선,서대문,3,6번출구,"5,6번 출구 사이",지하,M,지상,1,15,1000,0000-443,2026-02-11
439,5호선,광화문,1,1번출구,"서대문 방면1-1, 종로3가 방면8-4",지하,2,지상,1,15,1000,0000-732,2026-02-11
440,5호선,광화문,2,내부,8번 출구 측,지하,4,지하,2,15,1000,0139-079,2026-02-11
441,5호선,종로3가(5),1,내부,"환승통로(1,3호선)",지하,4,지하,1,15,1000,0114-148,2026-02-11
442,5호선,종로3가(5),2,내부,광화문방면(8-4),지하,4,지하,5,10,750,0164-984,2026-02-11
443,5호선,을지로4가,1,내부,환승통로(2호선 시청방향),지하,5,지하,1,15,1000,0113-923,2026-02-11
444,5호선,동대문역사문화공원(5),1,내부,"대합실(6,7번 출구 사이)",지하,4,지하,1,15,1000,0103-496,2026-02-11
445,5호선,동대문역사문화공원(5),2,내부,"환승통로(2,4호선)",지하,5,지하,1,15,1000,0113-922,2026-02-11
446,5호선,신금호,1,내부,"청구 방면1-2, 행당 방면8-3",지하,8,지하,2,24,1600,0102-334,2026-02-11
447,5호선,신금호,2,내부,"청구 방면1-2, 행당 방면8-3",지하,8,지하,2,24,1600,0102-335,2026-02-11
448,5호선,신금호,3,3번출구,고개안전실 측(지하2층),지하,2,지상,1,15,1000,0102-619,2026-02-11
449,5호선,행당,1,내부,신금호 방면4-4,지하,5,지하,3,15,1000,0103-811,2026-02-11
450,5호선,행당,2,내부,왕십리 방면5-1,지하,5,지하,4,15,1000,0103-812,2026-02-11
451,5호선,행당,3,3번출구,3번 출구 측,지하,3,지상,1,15,1000,0040-489,2026-02-11
452,5호선,왕십리,1,4번출구,4번 출구 측,지하,4,지상,1,15,1000,2133-670,2026-02-11
453,5호선,왕십리,2,내부,행당 방면3-3,지하,5,지하,4,15,1000,0103-813,2026-02-11
454,5호선,왕십리,3,내부,마장 방면6-2,지하,5,지하,4,15,1000,0103-814,2026-02-11
455,5호선,마장,1,내부,왕십리 방면4-4,지하,3,지하,2,15,1000,0103-825,2026-02-11
456,5호선,마장,2,내부,답십리 방면5-1,지하,3,지하,2,15,1000,0103-826,2026-02-11
457,5호선,마장,3,2번출구,2번 출구 측,지하,2,지상,1,15,1000,0124-543,2026-02-11
458,5호선,답십리,1,내부,마장 방면4-4,지하,3,지하,2,15,1000,0104-440,2026-02-11
459,5호선,답십리,2,내부,장한평 방면5-1,지하,3,지하,2,15,1000,0104-441,2026-02-11
460,5호선,답십리,3,2번출구,2번 출구 측,지하,2,지상,1,15,1000,0039-063,2026-02-11
461,5호선,답십리,4,6번출구,6번 출구 측,지하,2,지상,1,15,1000,0104-442,2026-02-11
462,5호선,장한평,1,내부,"답십리 방면4-2, 군자 방면5-2",지하,3,지하,2,15,1000,0028-329,2026-02-11
463,5호선,장한평,2,"7,8번출구","7,8번 출구 사이",지하,2,지상,1,15,1000,0028-330,2026-02-11
464,5호선,장한평,3,1번출구,1번 출구 측,지하,2,지상,1,24,1600,0084-228,2026-02-11
465,5호선,군자(5),1,내부,"장한평 방면5-3, 아차산 방면4-1",지하,3,지하,1,15,1000,0028-991,2026-02-11
466,5호선,군자(5),2,내부,"장한평 방면4-3, 아차산 방면5-1",지하,3,지하,1,15,1000,0028-260,2026-02-11
467,5호선,군자(5),3,4번출구,4번 출구 측,지하,1,지상,1,15,1000,0094-110,2026-02-11
468,5호선,아차산,1,내부,군자 방면6-1,지하,3,지하,1,15,1000,0027-016,2026-02-11
469,5호선,아차산,2,내부,광나루 방면3-4,지하,3,지하,1,15,1000,0028-339,2026-02-11
470,5호선,아차산,3,4번출구,3번 출구 측,지하,1,지상,1,15,1000,0094-109,2026-02-11
471,5호선,광나루,1,내부,아차산 방면5-1,지하,3,지하,2,15,1000,0028-404,2026-02-11
472,5호선,광나루,2,내부,천호 방면4-4,지하,3,지하,2,15,1000,0028-405,2026-02-11
473,5호선,광나루,3,1번출구,1번 출구 측,지하,2,지상,1,13,900,0028-406,2026-02-11
474,5호선,광나루,4,3번출구,3번 출구 측,지하,1,지상,1,24,1600,0093-984,2026-02-11
475,5호선,천호(5),1,"6,7번출구","6,7번 출구 사이",지하,M,지상,1,13,900,0066-068,2026-02-11
476,5호선,천호(5),2,내부,광나루 방면4-4,지하,3,지하,1,15,1000,0045-888,2026-02-11
477,5호선,천호(5),3,내부,광나루 방면6-1,지하,3,지하,2,15,1000,0112-626,2026-02-11
478,5호선,천호(5),4,내부,강동 방면3-4,지하,3,지하,2,15,1000,0075-646,2026-02-11
479,5호선,강동,1,내부,둔촌동 방면8-3,지하,4,지하,3,15,1000,0078-217,2026-02-11
480,5호선,강동,2,1번출구,1번 출구 측,지하,3,지상,1,15,1000,0012-496,2026-02-11
481,5호선,강동,3,천호 방면1-2,천호 방면1-2,지하,4,지하,3,15,800,0162-506,2026-02-11
482,5호선,길동,1,내부,강동 방면5-1,지하,3,지하,2,15,1000,0008-835,2026-02-11
483,5호선,길동,2,내부,굽은다리 방면4-4,지하,3,지하,2,15,1000,0008-836,2026-02-11
484,5호선,길동,3,내부,대합실(B2-B1),지하,M,지하,1,15,1000,0077-502,2026-02-11
485,5호선,굽은다리,1,내부,길동 방면6-3,지하,2,지하,1,15,1000,0011-271,2026-02-11
486,5호선,굽은다리,2,내부,"명일 방면3-2, 3-3 사이",지하,2,지하,1,15,1000,0011-272,2026-02-11
487,5호선,굽은다리,3,2번출구,2번 출구 측,지하,1,지상,1,17,1150,0011-273,2026-02-11
488,5호선,명일,1,내부,굽은다리 방면5-2,지하,2,지하,1,15,1000,0008-833,2026-02-11
489,5호선,명일,2,내부,"고덕 방면4-3, 4-4 사이",지하,2,지하,1,15,1000,0008-834,2026-02-11
490,5호선,명일,3,3번출구,"3,4번 출구 사이",지하,1,지상,1,11,750,0089-691,2026-02-11
491,5호선,고덕,1,내부,명일 방면4-1,지하,2,지하,1,15,1000,0012-583,2026-02-11
492,5호선,고덕,2,내부,상일동 방면6-1,지하,2,지하,1,15,1000,0056-958,2026-02-11
493,5호선,고덕,3,2번출구,2번 출구 측(역사 화장실 앞),지하,1,지상,1,15,1000,0077-286,2026-02-11
494,5호선,고덕,4,"4,5번출구","4,5번 출구 사이",지하,1,지상,1,24,1600,0056-959,2026-02-11
495,5호선,상일동,1,1번출구,"1,2번 출구 사이",지하,2,지상,1,15,1000,0137-763,2026-02-11
496,5호선,상일동,2,3번출구,"3,4번 출구 사이",지하,2,지상,1,15,1000,0137-764,2026-02-11
497,5호선,상일동,3,5번출구,"5,6번 출구 사이",지하,1,지상,1,15,1000,0148-849,2026-02-11
498,5호선,상일동,4,8번출구,"7,8번 출구 사이",지하,2,지상,1,15,1000,0148-785,2026-02-11
499,5호선,상일동,5,내부,고덕방면6-1,지하,1,지하,2,11,825,0169-278,2026-02-11
500,5호선,상일동,6,내부,강일방면3-4,지하,1,지하,2,11,825,0169-279,2026-02-11
501,5호선,강일,1,내부,상일동 방면1-2,지하,3,지하,2,24,1600,0140-721,2026-02-11
502,5호선,강일,2,내부,미사 방면8-3,지하,3,지하,2,24,1600,0140-722,2026-02-11
503,5호선,강일,3,내부,상일동 방면8-3,지하,3,지하,1,24,1600,0140-723,2026-02-11
504,5호선,강일,4,내부,미사 방면1-2,지하,3,지하,1,24,1600,0140-724,2026-02-11
505,5호선,강일,5,1번출구,1번 출구 측,지하,2,지상,1,24,1600,0140-807,2026-02-11
506,5호선,강일,6,2번출구,2번 출구 측,지하,2,지상,1,24,1600,0157-507,2026-02-11
507,5호선,강일,7,3번출구,3번 출구 측,지하,2,지상,1,24,1600,0140-808,2026-02-11
508,5호선,강일,8,4번출구,4번 출구 측,지하,2,지상,1,24,1600,0140-809,2026-02-11
509,5호선,미사,1,내부,강일 방면5-1,지하,2,지하,1,24,1600,2231-268,2026-02-11
510,5호선,미사,2,내부,하남풍산 방면5-1,지하,2,지하,1,24,1600,2231-269,2026-02-11
511,5호선,미사,3,1번출구,1번 출구 측,지하,1,지상,1,24,1600,2231-270,2026-02-11
512,5호선,미사,4,6번출구,6번 출구 측,지하,1,지상,1,24,1600,2231-271,2026-02-11
513,5호선,하남풍산,1,내부,미사 방면4-4,지하,2,지하,1,24,1600,2229-180,2026-02-11
514,5호선,하남풍산,2,내부,하남시청 방면5-1,지하,2,지하,1,24,1600,2229-179,2026-02-11
515,5호선,하남풍산,3,1번출구,1번 출구 측,지상,1,지상,2,24,1600,2229-181,2026-02-11
516,5호선,하남풍산,4,5번출구,5번 출구 측,지하,1,지상,1,24,1600,2229-182,2026-02-11
517,5호선,하남풍산,5,7번출구,7번 출구 측,지하,1,지상,1,24,1600,2229-183,2026-02-11
518,5호선,하남시청,1,내부,하남풍산 방면5-1,지하,3,지하,2,24,1800,2234-916,2026-02-11
519,5호선,하남시청,2,내부,하남검단산 방면5-1,지하,3,지하,2,24,1800,2234-917,2026-02-11
520,5호선,하남시청,3,3번출구,3번 출구 측,지하,2,지상,1,24,1800,2234-918,2026-02-11
521,5호선,하남시청,4,5번출구,"5,6번 출구 사이",지하,2,지상,1,24,1800,2234-919,2026-02-11
522,5호선,하남검단산,1,내부,하남시청 방면4-3,지하,3,지하,1,24,1600,2231-985,2026-02-11
523,5호선,하남검단산,2,내부,하남검단산 방면5-3,지하,3,지하,1,24,1600,2231-986,2026-02-11
524,5호선,하남검단산,3,1번출구,"1,2번 출구 사이",지하,1,지상,1,24,1600,2231-987,2026-02-11
525,5호선,하남검단산,4,3번출구,4번 출구 측,지하,1,지상,1,24,1600,2231-988,2026-02-11
526,5호선,둔촌동,1,내부,강동 방면5-1,지하,2,지하,1,15,1000,0011-274,2026-02-11
527,5호선,둔촌동,2,내부,올림픽공원 방면5-1,지하,2,지하,1,15,1000,0011-275,2026-02-11
528,5호선,둔촌동,3,"3,4번출구","3,4번 출구 사이",지하,1,지상,1,11,750,0008-837,2026-02-11
529,5호선,둔촌동,4,2번출구,2번 출구 측,지하,1,지상,1,21,1600,0171-737,2026-02-11
530,5호선,올림픽공원,1,내부,둔촌동 방면3-2,지하,3,지하,2,15,1000,0077-287,2026-02-11
531,5호선,올림픽공원,2,내부,방이 방면6-3,지하,3,지하,2,15,1000,0077-288,2026-02-11
532,5호선,올림픽공원,4,2번출구,2번 출구 측,지하,2,지상,1,15,1000,0087-506,2026-02-11
533,5호선,방이,1,내부,올림픽공원 방면4-4,지하,2,지하,1,15,1000,0087-288,2026-02-11
534,5호선,방이,2,내부,방이 방면5-1,지하,2,지하,1,15,1000,0087-289,2026-02-11
535,5호선,방이,3,3번출구,3번 출구 측,지하,1,지상,1,15,1000,0087-214,2026-02-11
536,5호선,방이,4,1번출구,1번 출구 측,지하,1,지상,1,15,1000,0088-071,2026-02-11
537,5호선,오금(5),1,내부,방이 방면4-4,지하,2,지하,1,15,1000,0011-361,2026-02-11
538,5호선,오금(5),2,내부,개롱 방면5-1,지하,2,지하,1,15,1000,0011-362,2026-02-11
539,5호선,오금(5),3,내부,환승통로(방화 방면),지하,3,지하,2,15,1000,0078-506,2026-02-11
540,5호선,오금(5),4,내부,환승통로(마천 방면),지하,3,지하,2,15,1000,0078-507,2026-02-11
541,5호선,오금(5),5,5번출구,5번 출구 측,지하,1,지상,1,15,1000,0078-508,2026-02-11
542,5호선,개롱,1,내부,오금 방면5-1,지하,2,지하,1,15,1000,0065-940,2026-02-11
543,5호선,개롱,2,내부,거여 방면4-4,지하,2,지하,1,15,1000,0065-910,2026-02-11
544,5호선,개롱,3,"3,4번출구","3,4번 출구 사이",지하,1,지상,1,15,1000,0078-214,2026-02-11
545,5호선,거여,1,내부,개롱 방면6-2,지하,2,지하,1,15,1000,0089-595,2026-02-11
546,5호선,거여,2,내부,마천 방면3-2,지하,2,지하,1,15,1000,0011-364,2026-02-11
547,5호선,거여,3,2번출구,2번 출구 측,지하,1,지상,1,15,1000,0078-211,2026-02-11
548,5호선,마천,1,내부,마천 방면5-2,지하,4,지하,2,15,1000,0009-741,2026-02-11
549,5호선,마천,2,내부,거여 방면4-3,지하,4,지하,1,13,1000,0155-881,2026-02-11
550,5호선,마천,3,외부,1번 출입구,지상,1,지하,1,13,1000,0168-999,2026-02-11
551,6호선,응암,1,내부,구산 방면5-2,지하,2,지하,1,15,1000,0040-053,2026-02-11
552,6호선,응암,2,4번출구,4번 출구 측,지하,1,지상,1,15,1000,0073-334,2026-02-11
553,6호선,역촌,1,내부,응암 방면4-2,지하,4,지하,1,15,1000,0104-827,2026-02-11
554,6호선,역촌,2,4번출구,4번 출구 측,지하,1,지상,1,15,1000,0042-692,2026-02-11
555,6호선,불광(6),1,내부,역촌 방면 2-3,지하,4,지하,1,15,1000,0039-061,2026-02-11
556,6호선,불광(6),2,내부,역촌 방면 7-2,지하,4,지하,1,15,1000,0039-062,2026-02-11
557,6호선,불광(6),3,8번출구,8번 출구 측,지하,1,지상,1,15,1000,0042-691,2026-02-11
558,6호선,독바위,1,내부,연신내 방면3-2,지하,6,지하,1,15,1000,0040-274,2026-02-11
559,6호선,독바위,2,1번출구,1번 출구 측,지하,1,지상,1,15,1000,0042-697,2026-02-11
560,6호선,연신내(6),1,내부,구산 방면6-2,지하,5,지하,1,15,1000,0102-709,2026-02-11
561,6호선,연신내(6),2,6번출구,6번 출구 측,지하,1,지상,1,15,1000,0102-710,2026-02-11
562,6호선,구산,1,4번출구,4번 출구 측,지하,1,지상,1,15,1000,0040-487,2026-02-11
563,6호선,구산,2,내부,응암 방면5-4,지하,1,지하,4,11,750,0163-229,2026-02-11
564,6호선,새절,1,내부,응암 방면5-4,지하,2,지하,1,15,1000,0042-689,2026-02-11
565,6호선,새절,2,1번출구,1번 출구 측,지하,1,지상,1,15,1000,0042-690,2026-02-11
566,6호선,새절,3,응암 방면1-1,응암 방면1-1,지하,2,지하,1,13,1000,0162-890,2026-02-11
567,6호선,증산,1,내부,새절 방면5-1,지하,2,지하,1,11,750,0042-852,2026-02-11
568,6호선,증산,2,내부,디지털미디어시티 방면4-3,지하,2,지하,1,11,750,0042-853,2026-02-11
569,6호선,증산,3,2번출구,2번 출구 측,지하,1,지상,1,11,750,0042-854,2026-02-11
570,6호선,디지털미디어시티(6),1,내부,증산 방면3-4,지하,2,지하,1,11,750,0102-251,2026-02-11
571,6호선,디지털미디어시티(6),2,내부,월드컵경기장 방면8-4,지하,2,지하,1,11,750,0102-252,2026-02-11
572,6호선,디지털미디어시티(6),3,4번출구,4번 출구 측,지하,1,지상,1,17,1150,0102-253,2026-02-11
573,6호선,월드컵경기장,1,내부,디지털미디어시티 방면4-4,지하,3,지하,2,15,1000,0104-771,2026-02-11
574,6호선,월드컵경기장,2,내부,마포구청 방면4-4,지하,3,지하,2,15,1000,0104-772,2026-02-11
575,6호선,월드컵경기장,3,2번출구,2번 출구 측,지하,2,지상,1,15,1000,0104-773,2026-02-11
576,6호선,마포구청,1,내부,월드컵경기장 방면1-1,지하,3,지하,2,15,1000,0007-233,2026-02-11
577,6호선,마포구청,2,내부,망원 방면8-4,지하,3,지하,2,15,1000,0007-234,2026-02-11
578,6호선,마포구청,3,8번출구,8번 출구 측,지하,2,지상,1,15,1000,0015-263,2026-02-11
579,6호선,마포구청,4,2번출구,2번 출구 측,지하,2,지상,1,24,1600,0070-790,2026-02-11
580,6호선,망원,1,내부,마포구청 방면5-1,지하,2,지하,1,15,1000,0040-055,2026-02-11
581,6호선,망원,2,2번출구,"2번 출구 측, 합정 방면4-4",지하,2,지상,1,15,1000,0040-054,2026-02-11
582,6호선,합정(6),1,내부,망원 방면4-2,지하,4,지하,1,15,1000,0039-041,2026-02-11
583,6호선,합정(6),2,내부,상수 방면6-2,지하,4,지하,3,15,1000,0039-042,2026-02-11
584,6호선,합정(6),3,6번출구,6번 출구 측,지하,1,지상,1,15,1000,0039-043,2026-02-11
585,6호선,상수,1,내부,"합정 방면4-4, 광흥창 방면5-1",지하,3,지하,2,15,1000,0102-308,2026-02-11
586,6호선,상수,2,3번출구,3번 출구 측,지하,1,지상,1,15,1000,0143-822,2026-02-11
587,6호선,상수,3,내부,대합실,지하,2,지하,1,13,1000,0150-002,2026-02-11
588,6호선,광흥창,1,1번출구,1번 출구 측,지하,2,지상,1,15,1000,0039-039,2026-02-11
589,6호선,광흥창,2,내부,"상수 방면1-2, 대흥 방면8-3",지하,3,지하,2,15,1000,0039-040,2026-02-11
590,6호선,광흥창,3,4번출구,4번 출구 측,지하,1,지상,1,24,1600,0007-065,2026-02-11
591,6호선,대흥,1,내부,"광흥창 방면4-4, 공덕 방면5-1",지하,3,지하,2,15,1000,0042-659,2026-02-11
592,6호선,대흥,2,내부,대합실,지하,2,지하,1,15,1000,0104-289,2026-02-11
593,6호선,대흥,3,3번 출구,3번 출구 측,지상,1,지하,2,19,1425,0163-226,2026-02-11
594,6호선,공덕(6),1,내부,대흥 방면4-4,지하,2,지하,1,15,1000,0015-040,2026-02-11
595,6호선,공덕(6),2,내부,효창공원 방면4-4,지하,2,지하,1,15,1000,0004-354,2026-02-11
596,6호선,공덕(6),3,5번출구,5번 출구 측,지하,1,지상,1,15,1000,0004-355,2026-02-11
597,6호선,공덕(6),4,내부,환승통로,지하,3,지하,2,15,1000,0104-290,2026-02-11
598,6호선,공덕(6),5,내부,환승통로,지하,3,지하,2,15,1000,0104-340,2026-02-11
599,6호선,효창공원앞(6),1,내부,"공덕 방면5-3, 삼각지 방면4-2",지하,3,지하,2,15,1000,0042-657,2026-02-11
600,6호선,효창공원앞(6),2,내부,대합실,지하,2,지하,1,15,1000,0042-658,2026-02-11
601,6호선,삼각지(6),1,내부,효창공원앞 방면1-1,지하,4,지하,3,15,1000,0104-719,2026-02-11
602,6호선,삼각지(6),2,내부,녹사평 방면8-4,지하,4,지하,3,15,1000,0041-875,2026-02-11
603,6호선,삼각지(6),3,8번출구,8번 출구 측,지하,3,지상,1,15,1000,0104-720,2026-02-11
604,6호선,삼각지(6),4,12번출구,12번 출구 측,지하,3,지상,1,15,1000,0041-877,2026-02-11
605,6호선,삼각지(6),5,내부,환승통로,지하,4,지하,3,24,1600,0103-579,2026-02-11
606,6호선,녹사평,1,내부,"삼각지 방면4-3, 이태원 방면5-1",지하,5,지하,4,15,1000,0082-691,2026-02-11
607,6호선,녹사평,2,내부,대합실,지하,4,지하,2,15,1000,0082-692,2026-02-11
608,6호선,녹사평,3,3번출구,3번 출구 측,지하,2,지상,1,15,1000,0082-693,2026-02-11
609,6호선,이태원,1,내부,"녹사평 방면3-1, 한강진 방면6-3",지하,5,지하,1,15,1000,0103-976,2026-02-11
610,6호선,이태원,2,2번출구,2번 출구 측,지하,1,지상,1,15,1000,0040-056,2026-02-11
611,6호선,한강진,1,내부,이태원 방면5-2,지하,4,지하,3,15,1000,0102-206,2026-02-11
612,6호선,한강진,2,내부,버티고개 방면4-2,지하,4,지하,1,15,1000,0102-207,2026-02-11
613,6호선,한강진,3,3번출구,3번 출구 측,지하,1,지상,1,15,1000,0041-868,2026-02-11
614,6호선,버티고개,1,내부,한강진 방면5-3,지하,3,지하,2,11,750,0102-203,2026-02-11
615,6호선,버티고개,2,내부,약수 방면4-2,지하,2,지하,1,15,1000,0102-204,2026-02-11
616,6호선,버티고개,3,내부,대합실,지하,4,지하,3,11,750,0102-205,2026-02-11
617,6호선,버티고개,4,내부,대합실,지하,4,지하,3,11,750,0102-097,2026-02-11
618,6호선,버티고개,5,2번출구,2번 출구 측,지하,1,지상,1,15,1000,0041-895,2026-02-11
619,6호선,약수(6),1,내부,버티고개 방면5-1,지하,3,지하,2,15,1000,0103-977,2026-02-11
620,6호선,약수(6),2,내부,청구 방면4-4,지하,3,지하,2,15,1000,0103-978,2026-02-11
621,6호선,약수(6),3,내부,버티고개 방면6-1,지하,3,지하,1,15,1000,0103-979,2026-02-11
622,6호선,약수(6),4,내부,대합실,지하,2,지하,1,15,1000,0113-921 ,2026-02-11
623,6호선,청구(6),1,내부,"신금호 방면5-3, 동대문역사문화공원 방면4-1",지하,4,지하,3,15,1000,0104-443,2026-02-11
624,6호선,청구(6),2,내부,대합실,지하,3,지하,1,15,1000,0104-444,2026-02-11
625,6호선,청구(6),3,내부,대합실,지하,3,지하,1,15,1000,0104-445,2026-02-11
626,6호선,청구(6),4,3번출구,3번 출구 측,지하,1,지상,1,15,1000,0104-446,2026-02-11
627,6호선,청구(6),5,1번출구,1번 출구 측,지하,1,지상,1,15,1000,0074-257,2026-02-11
628,6호선,신당(6),1,내부,"청구 방면5-3, 동묘앞 방면4-2",지하,3,지상,1,15,1000,0103-494,2026-02-11
629,6호선,동묘앞(6),1,내부,"신당 방면5-3, 창신 방면4-2",지하,3,지하,2,15,1000,0000-962,2026-02-11
630,6호선,동묘앞(6),2,내부,"신당 방면8-4, 창신 방면1-1",지하,3,지하,2,15,1000,0000-963,2026-02-11
631,6호선,창신,1,내부,"동묘앞 방면4-2, 보문 방면5-3",지하,4,지하,1,15,1000,0002-280,2026-02-11
632,6호선,창신,2,"3,4번출구","3,4번 출구 사이",지하,1,지상,1,15,1000,0000-959,2026-02-11
633,6호선,창신,3,2번출구,2번 출구 측,지하,1,지상,1,24,1600,0125-798,2026-02-11
634,6호선,보문(6),1,내부,"창신 방면4-4 , 안암 방면5-1",지하,3,지하,2,15,1000,0049-838,2026-02-11
635,6호선,안암,1,내부,보문 방면5-2,지하,3,지하,2,15,1000,0028-813,2026-02-11
636,6호선,안암,2,내부,고려대 방면4-3,지하,3,지하,2,15,1000,0028-814,2026-02-11
637,6호선,안암,3,1번출구,1번 출구 측,지하,2,지상,1,15,1000,0028-815,2026-02-11
638,6호선,고려대,1,내부,안암 방면6-2,지하,4,지하,1,15,1000,0019-339,2026-02-11
639,6호선,고려대,2,내부,월곡 방면3-2,지하,4,지하,1,15,1000,0053-247,2026-02-11
640,6호선,고려대,3,1번출구,1번 출구 측,지하,1,지상,1,15,1000,0019-340,2026-02-11
641,6호선,고려대,4,"3,4번출구","3,4번 출구 사이",지하,1,지상,1,15,1000,0053-248,2026-02-11
642,6호선,월곡,1,내부,고려대 방면4-4,지하,3,지하,2,15,1000,0044-187,2026-02-11
643,6호선,월곡,2,내부,상월곡 방면4-4,지하,3,지하,2,15,1000,0044-188,2026-02-11
644,6호선,월곡,3,"1,5번출구","1,5번 출구 사이",지하,2,지상,1,15,1000,0028-819,2026-02-11
645,6호선,상월곡,1,4번출구,4번 출구 측,지하,2,지상,1,15,1000,0027-999,2026-02-11
646,6호선,상월곡,2,내부,신내방면(8-4),지하,2,지하,3,10,750,0165-087,2026-02-11
647,6호선,상월곡,3,내부,응암방면(1-4),지하,2,지하,3,10,750,0165-088,2026-02-11
648,6호선,돌곶이,1,내부,상월곡 방면4-4,지하,2,지하,1,15,1000,0054-295,2026-02-11
649,6호선,돌곶이,2,내부,석계 방면4-4,지하,2,지하,1,15,1000,0054-296,2026-02-11
650,6호선,돌곶이,3,3번출구,3번 출구 측,지하,1,지상,1,15,1000,0044-225,2026-02-11
651,6호선,석계(6),1,내부,돌곶이 방면3-3,지하,3,지하,2,15,1000,0057-328,2026-02-11
652,6호선,석계(6),2,내부,태릉입구 방면6-2,지하,3,지하,2,15,1000,0055-103,2026-02-11
653,6호선,석계(6),3,1번출구,1번 출구 측,지하,2,지상,1,15,1000,0057-329,2026-02-11
654,6호선,석계(6),4,4번출구,4번 출구 측,지하,2,지상,1,15,1000,0055-102,2026-02-11
655,6호선,태릉입구(6),1,내부,석계 방면5-3,지하,2,지하,1,15,1000,0019-107,2026-02-11
656,6호선,태릉입구(6),2,내부,화랑대 방면3-4,지하,2,지하,1,15,1000,0015-897,2026-02-11
657,6호선,태릉입구(6),3,8번출구,8번 출구 측,지하,1,지상,1,15,1000,0015-898,2026-02-11
658,6호선,태릉입구(6),4,6번출구,6번 출구 측,지하,1,지상,1,15,1000,0113-359,2026-02-11
659,6호선,화랑대,1,내부,태릉입구 방면5-4,지하,2,지하,1,15,1000,0057-151,2026-02-11
660,6호선,화랑대,2,내부,봉화산 방면4-1,지하,2,지하,1,15,1000,0057-152,2026-02-11
661,6호선,화랑대,3,1번출구,1번 출구 측,지하,1,지상,1,15,1000,0057-153,2026-02-11
662,6호선,화랑대,4,7번출구,7번 출구 측,지하,1,지상,1,24,1600,0094-425,2026-02-11
663,6호선,화랑대,5,3번 출입구,3번 출입구 측,지하,1,지상,1,21,1600,0164-943,2026-02-11
664,6호선,봉화산,1,2번출구,2번 출구 측,지하,1,지상,1,15,1000,0054-819,2026-02-11
665,6호선,봉화산,2,4번출구,4번 출구 측,지하,1,지상,1,24,1600,0094-606,2026-02-11
666,6호선,봉화산,3,4번 출입구,4번 출입구,지하,1,지하,1,24,1600,0094-606,2026-02-11
667,6호선,봉화산,4,신내 방면8-3,신내 방면8-3,지하,2,지하,1,10,800,0158-612,2026-02-11
668,6호선,신내,1,내부,"신내, 봉화산 방면8-3",지상,1,지상,2,17,1150,0136-697,2026-02-11
669,7호선,장암,1,1번출구,1번 출구 측,지상,1,지상,2,11,750,2064-681,2026-02-11
670,7호선,장암,2,1번출구,1번 출구 측,지상,1,지상,2,11,750,2064-682,2026-02-11
671,7호선,도봉산,1,2번출구,장암 방면7-2,지상,1,지상,2,11,750,0053-189,2026-02-11
672,7호선,도봉산,2,2번출구,수락산 방면2-3,지상,1,지상,2,11,750,0053-190,2026-02-11
673,7호선,도봉산,3,내부,장암 방면3-4,지상,1,지상,2,15,1000,0085-381,2026-02-11
674,7호선,도봉산,4,내부,수락산 방면4-2,지상,1,지상,2,15,1000,0085-291,2026-02-11
675,7호선,도봉산,5,1-1번출구,1-1번 출구 측,지하,1,지상,1,15,1000,0135-003,2026-02-11
676,7호선,수락산,1,1번출구,1번 출구 측,지하,2,지상,1,15,1000,0053-324,2026-02-11
677,7호선,수락산,2,내부,도봉산 방면 1-1,지하,3,지하,2,10,800,0164-911,2026-02-11
678,7호선,수락산,3,내부,마들 방면 8-2,지하,3,지하,2,10,800,0164-927,2026-02-11
679,7호선,마들,1,내부,"수락산 방면8-4, 노원 방면1-1 ",지하,3,지하,1,15,1000,0017-182,2026-02-11
680,7호선,마들,2,5번출구,5번 출구 측,지하,1,지상,1,15,1000,0053-180,2026-02-11
681,7호선,마들,3,4번출구,4번 출구 측,지하,1,지상,1,24,1600,0085-028,2026-02-11
682,7호선,마들,4,2번출구,2번 출구 측,지하,1,지상,1,15,1000,0085-029,2026-02-11
683,7호선,노원(7),1,내부,"마들 방면4-4, 중계 방면4-3",지하,3,지하,1,15,1000,0086-703,2026-02-11
684,7호선,노원(7),2,3번출구,3번 출구 측,지하,1,지상,1,15,1000,0018-585,2026-02-11
685,7호선,노원(7),3,6번출구,6번 출구 측,지하,1,지상,1,24,1600,0094-686,2026-02-11
686,7호선,노원(7),4,5번출구,5번 출구 측,지하,1,지상,1,21,1600,0153-124,2026-02-11
687,7호선,중계,1,내부,"노원 방면5-1, 하계 방면4-4",지하,3,지하,2,15,1000,0015-704,2026-02-11
688,7호선,중계,2,5번출구,5번 출구 측,지하,2,지상,1,11,750,0019-485,2026-02-11
689,7호선,중계,3,3번출구,3번 출구 측,지하,2,지상,1,15,1000,0015-997,2026-02-11
690,7호선,하계,2,내부,"중계 방면4-4, 공릉 방면5-1",지하,3,지하,1,15,1000,0017-579,2026-02-11
691,7호선,하계,3,1번출구,1번 출구 측,지하,1,지상,1,15,1000,0056-263,2026-02-11
692,7호선,하계,4,6번출구,6번 출구 측,지하,1,지상,1,15,1000,0085-031,2026-02-11
693,7호선,공릉,1,내부,하계 방면8-4,지하,4,지하,2,15,1000,0015-705,2026-02-11
694,7호선,공릉,2,내부,태릉입구 방면1-1,지하,4,지하,1,15,1000,0015-706,2026-02-11
695,7호선,공릉,3,2번출구,2번 출구 측,지하,1,지상,1,11,750,0015-998,2026-02-11
696,7호선,태릉입구(7),1,내부,공릉 방면6-4,지하,4,지하,1,15,1000,0017-918,2026-02-11
697,7호선,태릉입구(7),2,2번출구,먹골 방면3-1,지하,4,지상,1,15,1000,0053-181,2026-02-11
698,7호선,먹골,1,내부,태릉입구 방면4-4,지하,3,지하,2,15,1000,0017-580,2026-02-11
699,7호선,먹골,2,내부,중화 방면5-1,지하,3,지하,2,15,1000,0017-581,2026-02-11
700,7호선,먹골,3,2번출구,2번 출구 측,지하,2,지상,1,15,1000,0018-261,2026-02-11
701,7호선,중화,1,내부,먹골 방면4-4,지하,3,지하,1,15,1000,0018-259,2026-02-11
702,7호선,중화,2,내부,먹골 방면 5-1,지하,3,지하,2,15,1000,0018-260,2026-02-11
703,7호선,중화,3,3번출구,3번 출구 측,지하,1,지상,1,15,1000,0056-268,2026-02-11
704,7호선,상봉(7),1,내부,중화 방면3-2,지하,3,지하,1,15,1000,0019-106,2026-02-11
705,7호선,상봉(7),2,내부,면목 방면6-2,지하,3,지하,1,15,1000,0019-351,2026-02-11
706,7호선,상봉(7),3,내부,중화 방면4-2,지하,3,지하,2,15,1000,0016-030,2026-02-11
707,7호선,상봉(7),4,내부,면목 방면5-1,지하,3,지하,2,15,1000,0016-029,2026-02-11
708,7호선,상봉(7),5,3번출구,3번 출구 측,지하,1,지상,1,15,1000,0019-486,2026-02-11
709,7호선,면목,1,내부,상봉 방면4-4,지하,4,지하,1,15,1000,0017-577,2026-02-11
710,7호선,면목,2,내부,사가정 방면5-2,지하,4,지하,3,15,1000,0017-578,2026-02-11
711,7호선,면목,3,3번출구,3번 출구 측,지하,1,지상,1,15,1000,0018-586,2026-02-11
712,7호선,사가정,1,내부,면목 방면3-3,지하,4,지하,3,15,1000,0017-575,2026-02-11
713,7호선,사가정,2,내부,용마산 방면6-2,지하,4,지하,1,15,1000,0017-576,2026-02-11
714,7호선,사가정,3,3번출구,3번 출구 측,지하,1,지상,1,15,1000,0052-631,2026-02-11
715,7호선,용마산,1,내부,사가정 방면3-3,지하,4,지하,3,15,1000,0017-574,2026-02-11
716,7호선,용마산,2,내부,중곡 방면6-1,지하,4,지하,1,15,1000,0017-573,2026-02-11
717,7호선,용마산,3,1번출구,1번 출구 측,지하,1,지상,2,15,1000,0018-587,2026-02-11
718,7호선,중곡,1,내부,용마산 방면4-4,지하,3,지하,2,15,1000,0005-633,2026-02-11
719,7호선,중곡,2,내부,군자 방면5-1,지하,3,지하,2,15,1000,0005-634,2026-02-11
720,7호선,중곡,3,1번출구,1번 출구 측,지하,2,지상,1,15,1000,0003-912,2026-02-11
721,7호선,군자(7),1,7번출구,7번 출구 측,지하,1,지상,1,15,1000,0094-111,2026-02-11
722,7호선,어린이대공원,1,내부,군자 방면3-3,지하,3,지하,1,15,1000,0007-435,2026-02-11
723,7호선,어린이대공원,2,내부,건대입구 방면6-2,지하,3,지하,1,15,1000,0082-420,2026-02-11
724,7호선,어린이대공원,3,1번출구,1번 출구 측,지하,1,지상,1,15,1000,0007-437,2026-02-11
725,7호선,어린이대공원,4,5번출구,5번 출구 측,지하,1,지상,1,15,1000,0051-898,2026-02-11
726,7호선,건대입구(7),1,내부,어린이대공원 방면5-4,지하,3,지하,2,15,1000,0132-928,2026-02-11
727,7호선,건대입구(7),2,내부,뚝섬유원지 방면4-1,지하,3,지하,2,15,1000,0132-929,2026-02-11
728,7호선,뚝섬유원지,1,1번출구,1번 출구 측,지상,1,지상,2,15,1000,0082-441,2026-02-11
729,7호선,뚝섬유원지,2,내부,건대입구 방면1-4,지상,2,지상,3,15,1000,0082-442,2026-02-11
730,7호선,뚝섬유원지,3,내부,청담 방면7-4,지상,2,지상,3,15,1000,0082-443,2026-02-11
731,7호선,청담,1,5번출구,5번 출구 측,지하,3,지상,1,15,1000,0056-819,2026-02-11
732,7호선,청담,2,10번출구,10번 출구 측,지하,3,지상,1,15,1000,0045-844,2026-02-11
733,7호선,청담,3,내부,장암방면(7-4),지하,3,지하,4,10,800,0163-343,2026-02-11
734,7호선,청담,4,내부,석남방면(2-1),지하,3,지하,4,10,800,0163-344,2026-02-11
735,7호선,강남구청(7),1,내부,청담 방면1-1,지하,3,지하,2,15,1000,0011-097,2026-02-11
736,7호선,강남구청(7),2,내부,학동 방면8-4,지하,3,지하,2,15,1000,0011-098,2026-02-11
737,7호선,학동,1,내부,강남구청 방면4-4,지하,3,지하,2,15,1000,0065-989,2026-02-11
738,7호선,학동,2,내부,논현 방면5-1,지하,3,지하,2,15,1000,0065-990,2026-02-11
739,7호선,학동,3,3번출구,3번 출구 측,지하,2,지상,1,15,1000,0078-212,2026-02-11
740,7호선,논현,1,내부,학동 방면7-4,지하,3,지하,2,15,1000,0057-897,2026-02-11
741,7호선,논현,2,내부,반포 방면2-1,지하,3,지하,2,15,1000,0057-898,2026-02-11
742,7호선,논현,3,8번출구,10번 출구 측,지하,2,지상,1,11,750,0012-777,2026-02-11
743,7호선,반포,1,내부,논현 방면5-1,지하,3,지하,2,15,1000,0078-301,2026-02-11
744,7호선,반포,2,내부,고속터미널(7) 방면4-4,지하,3,지하,2,15,1000,0078-302,2026-02-11
745,7호선,반포,3,6번출구,6번 출구 측,지하,2,지상,1,15,1000,0012-778,2026-02-11
746,7호선,반포,4,1번출구,1번 출구 측,지하,2,지상,1,15,1000,0077-428,2026-02-11
747,7호선,고속터미널(7),1,내부,반포 방면3-3,지하,3,지하,2,15,1000,0009-821,2026-02-11
748,7호선,고속터미널(7),2,내부,내방 방면6-2,지하,3,지하,2,15,1000,0009-822,2026-02-11
749,7호선,고속터미널(7),3,4번출구,4번 출구 측,지하,2,지상,1,15,1000,0170-812,2026-02-11
750,7호선,내방,1,내부,고속터미널(7) 방면 5-2,지하,3,지하,2,15,1000,0077-425,2026-02-11
751,7호선,내방,2,내부,이수(7) 방면 4-2,지하,3,지하,2,15,1000,0077-426,2026-02-11
752,7호선,내방,3,내부,대합실(고객상담실 앞),지하,2,지하,1,15,1000,0077-427,2026-02-11
753,7호선,내방,4,3번출구,3번 출구 측,지하,1,지상,1,15,1000,0012-779,2026-02-11
754,7호선,내방,5,5번출구,5번 출구 측,지하,1,지상,1,24,1600,0087-708,2026-02-11
755,7호선,이수(7),1,내부,내방 방면4-2,지하,4,지하,3,15,1000,0063-029,2026-02-11
756,7호선,이수(7),2,내부,남성 방면5-3,지하,4,지하,3,15,1000,0063-030,2026-02-11
757,7호선,이수(7),3,11번출구,11번 출구 측,지하,3,지상,1,15,1000,0063-031,2026-02-11
758,7호선,남성,1,내부,이수(7) 방면6-2,지하,3,지하,2,15,1000,0091-212,2026-02-11
759,7호선,남성,2,내부,숭실대입구 방면3-3,지하,3,지하,2,15,1000,0091-213,2026-02-11
760,7호선,남성,3,3번출구,3번 출구 측,지하,2,지상,1,15,1000,0091-214,2026-02-11
761,7호선,남성,4,2번출구,2번 출구 측,지하,2,지상,1,15,1150,0151-564,2026-02-11
762,7호선,숭실대입구,1,내부,남성 방면6-1,지하,6,지하,2,15,1000,0060-933,2026-02-11
763,7호선,숭실대입구,2,내부,상도 방면3-3,지하,6,지하,2,15,1000,0060-934,2026-02-11
764,7호선,숭실대입구,3,2번출구,2번 출구 측,지하,2,지상,1,15,1000,0060-935,2026-02-11
765,7호선,숭실대입구,4,3번출구,3번 출구 측,지하,2,지상,1,24,1600,0123-429,2026-02-11
766,7호선,상도,1,내부,숭실대입구 방면4-4,지하,3,지하,2,15,1000,0021-574,2026-02-11
767,7호선,상도,2,내부,장승배기 방면4-4,지하,3,지하,2,15,1000,0021-575,2026-02-11
768,7호선,상도,3,5번출구,5번 출구 측,지하,2,지상,1,15,1000,0021-576,2026-02-11
769,7호선,장승배기,1,내부,상도 방면4-4,지하,3,지하,2,11,750,0022-769,2026-02-11
770,7호선,장승배기,2,내부,신대방삼거리 방면4-4,지하,3,지하,2,11,750,0022-770,2026-02-11
771,7호선,장승배기,3,2번출구,2번 출구 측,지하,2,지상,1,15,1000,0022-771,2026-02-11
772,7호선,신대방삼거리,1,내부,장승배기 방면4-4,지하,3,지하,2,15,1000,0022-772,2026-02-11
773,7호선,신대방삼거리,2,내부,보라매 방면4-4,지하,3,지하,2,15,1000,0022-773,2026-02-11
774,7호선,신대방삼거리,3,내부,대합실(고객상담실 옆),지하,2,지하,1,15,1000,0022-522,2026-02-11
775,7호선,신대방삼거리,4,3번출구,3번 출구 측,지하,1,지상,1,15,1000,0022-774,2026-02-11
776,7호선,보라매,1,내부,"신풍 방면5-1, 신대방삼거리 방면4-4",지하,2,지하,1,11,750,0021-025,2026-02-11
777,7호선,보라매,2,6번출구,6번 출구 측,지하,1,지상,1,15,1000,0021-026,2026-02-11
778,7호선,신풍,1,내부,보라매 방면5-4,지하,2,지하,1,15,1000,0021-850,2026-02-11
779,7호선,신풍,2,내부,대림(7) 방면4-1,지하,2,지하,1,15,1000,0021-851,2026-02-11
780,7호선,신풍,3,4번출구,4번 출구 측,지하,1,지상,1,15,1000,0021-852,2026-02-11
781,7호선,신풍,4,5번출구,5번 출구 측,지하,1,지상,1,24,1600,0097-451,2026-02-11
782,7호선,대림(7),1,내부,신풍 방면5-1,지하,2,지하,1,15,1000,0020-631,2026-02-11
783,7호선,대림(7),2,내부,남구로 방면4-4,지하,2,지하,1,15,1000,0020-632,2026-02-11
784,7호선,대림(7),3,10번출구,10번 출구 측,지하,1,지상,1,15,1000,0020-633,2026-02-11
785,7호선,가산디지털단지(7),1,내부,대림 방면5-4,지하,4,지하,2,15,1000,0021-021,2026-02-11
786,7호선,가산디지털단지(7),2,내부,철산 방면4-1,지하,4,지하,2,15,1000,0021-022,2026-02-11
787,7호선,가산디지털단지(7),3,내부,대합실(지하2층),지하,2,지하,1,15,1000,0021-023,2026-02-11
788,7호선,가산디지털단지(7),4,6번출구,6번 출구 측,지하,1,지상,1,13,1000,0021-024,2026-02-11
789,7호선,철산,1,내부,가산디지털단지 방면5-1,지하,2,지하,1,15,1000,2026-968,2026-02-11
790,7호선,철산,2,내부,광명사거리 방면4-4,지하,2,지하,1,15,1000,2026-969,2026-02-11
791,7호선,철산,3,1번출구,1번 출구 측,지하,1,지상,1,15,1000,2026-970,2026-02-11
792,7호선,철산,4,4번출구,4번 출구 측,지하,1,지상,1,24,1600,2162-470,2026-02-11
793,7호선,광명사거리,1,내부,천왕 방면2-1,지하,3,지하,2,11,750,2026-444,2026-02-11
794,7호선,광명사거리,2,2번출구,2번 출구 측,지하,2,지상,1,15,1000,2117-998,2026-02-11
795,7호선,광명사거리,3,철산 방면1-1,철산 방면1-1,지하,3,지하,2,10,800,2276-908,2026-02-11
796,7호선,천왕,1,내부,광명사거리 방면5-1,지하,2,지하,1,15,1000,0021-226,2026-02-11
797,7호선,천왕,2,내부,온수 방면4-4,지하,2,지하,1,15,1000,0021-227,2026-02-11
798,7호선,천왕,3,3번출구,3번 출구 측,지하,1,지상,1,15,1000,0025-776,2026-02-11
799,7호선,천왕,4,2번출구,2번 출구 측,지하,1,지상,1,24,1600,0122-484,2026-02-11
800,7호선,온수(7),1,내부,천왕 방면4-4,지하,2,지하,1,15,1000,0021-618,2026-02-11
801,7호선,온수(7),2,내부,까치울 방면5-1,지하,2,지하,1,15,1000,0021-619,2026-02-11
802,7호선,온수(7),3,2번출구,2번 출구 측,지하,1,지상,1,15,1000,0021-620,2026-02-11
803,7호선,남구로,1,내부,가산디지털단지방면 8-2,지하,2,지하,5,13,1000,0160-841,2026-02-11
804,7호선,남구로,2,내부,대림방면 1-4,지하,2,지하,5,13,1000,0160-840,2026-02-11
805,7호선,남구로,3,외부,1번 출입구,지상,1,지하,1,13,1000,0165-088,2026-02-11
806,8호선,암사역사공원,1,내부,모란방면(하선),지하,1,지하,2,21,1600,0167-998,2026-02-11
807,8호선,암사역사공원,2,내부,별내방면(상선),지하,1,지하,2,21,1600,0167-999,2026-02-11
808,8호선,암사역사공원,3,외부,1번 출입구,지하,1,지상,1,21,1600,0168-019,2026-02-11
809,8호선,암사역사공원,4,외부,3번 출입구,지하,1,지상,1,21,1600,0168-018,2026-02-11
810,8호선,암사,1,내부,암사 방면3-4,지하,2,지하,1,11,750,0066-066,2026-02-11
811,8호선,암사,2,내부,천호 방면4-1,지하,2,지하,1,11,750,0066-067,2026-02-11
812,8호선,암사,3,3번출구,"3,4번 출구 사이",지하,1,지상,1,15,1000,0079-858,2026-02-11
813,8호선,천호,1,내부,암사 방면2-2,지하,2,지하,1,15,1000,0077-988,2026-02-11
814,8호선,천호,2,내부,강동구청 방면5-4,지하,2,지하,1,15,1000,0077-989,2026-02-11
815,8호선,강동구청,1,내부,천호 방면4-2,지하,3,지하,2,11,750,0077-745,2026-02-11
816,8호선,강동구청,2,내부,"몽촌토성 방면 3-2,3-3 사이",지하,3,지하,2,11,750,0077-746,2026-02-11
817,8호선,강동구청,3,4번출구,4번 출구 측,지하,2,지상,1,15,1000,0009-742,2026-02-11
818,8호선,몽촌토성,1,내부,강동구청 방면3-4,지하,3,지하,2,15,1000,0011-276,2026-02-11
819,8호선,몽촌토성,2,내부,잠실 방면3-4,지하,3,지하,2,11,750,0011-277,2026-02-11
820,8호선,몽촌토성,3,내부,대합실(B2),지하,2,지하,1,11,750,0011-278,2026-02-11
821,8호선,몽촌토성,4,4번출구,"대합실(B1, 4번 출구 측 화장실 앞)",지하,1,지상,1,15,1000,0075-711,2026-02-11
822,8호선,잠실(8),1,내부,몽촌토성 방면2-3,지하,3,지하,1,15,1000,0087-497,2026-02-11
823,8호선,잠실(8),2,내부,석촌 방면5-2,지하,3,지하,1,15,1000,0087-498,2026-02-11
824,8호선,잠실(8),3,9번출구,9번 출구 측,지하,1,지상,1,15,1000,0087-499,2026-02-11
825,8호선,석촌,1,내부,잠실 방면 3-4,지하,2,지하,1,11,750,0075-712,2026-02-11
826,8호선,석촌,2,내부,송파 방면 4-1,지하,2,지하,1,11,750,0075-713,2026-02-11
827,8호선,석촌,3,1번출구,1번 출구 측,지하,1,지상,1,15,1000,0045-887,2026-02-11
828,8호선,송파,1,내부,석촌 방면3-4,지하,2,지하,1,11,750,0087-791,2026-02-11
829,8호선,송파,2,내부,"가락시장 방면 3-4,4-1 사이",지하,2,지하,1,11,750,0087-792,2026-02-11
830,8호선,송파,3,1번출구,"1,2번 출구 사이",지하,1,지상,1,11,750,0046-881,2026-02-11
831,8호선,송파,4,내부,4번 출구 측,지하,1,지상,1,15,1150,0156-007,2026-02-11
832,8호선,가락시장(8),1,내부,송파 방면5-4,지하,2,지하,1,15,1000,0078-551,2026-02-11
833,8호선,가락시장(8),2,내부,문정 방면2-3,지하,2,지하,1,15,1000,0078-553,2026-02-11
834,8호선,가락시장(8),3,내부,환승통로(모란방면),지하,3,지하,2,15,1000,0078-555,2026-02-11
835,8호선,가락시장(8),4,내부,환승통로(암사방면),지하,3,지하,2,15,1000,0078-554,2026-02-11
836,8호선,가락시장(8),5,"1,2번출구","1,2번 출구 사이",지하,2,지상,1,15,1000,0075-714,2026-02-11
837,8호선,가락시장(8),6,"3,4번출구","3,4번 출구 사이",지하,1,지상,1,15,1000,0078-552,2026-02-11
838,8호선,문정,1,내부,가락시장 방면3-4,지하,2,지하,1,11,750,0077-747,2026-02-11
839,8호선,문정,2,내부,장지 방면4-1,지하,2,지하,1,11,750,0077-748,2026-02-11
840,8호선,문정,3,2번출구,2번 출구 측,지하,1,지상,1,15,1000,0009-743,2026-02-11
841,8호선,문정,4,4번출구,4번 출구 측,지하,1,지상,1,24,1800,0161-734,2026-02-11
842,8호선,장지,1,내부,문정 방면4-1,지하,2,지하,1,11,750,0077-861,2026-02-11
843,8호선,장지,2,내부,복정 방면3-4,지하,2,지하,1,11,750,0077-862,2026-02-11
844,8호선,장지,3,1번출구,1번 출구 측,지하,1,지상,1,15,1000,0009-744,2026-02-11
845,8호선,장지,4,3번출구,3번 출구 측,지하,1,지상,1,15,1000,0077-876,2026-02-11
846,8호선,복정(8),1,내부,"장지 방면4-1, 남위례 방면3-4",지하,3,지하,1,15,1000,0011-754,2026-02-11
847,8호선,복정(8),2,1번출구,1번 출구 측,지상,1,지하,1,21,1600,0169-311,2026-02-11
848,8호선,남위례,1,1번출구,대합실(1번출구),지상,1,지상,2,21,1600,2249-470,2026-02-11
849,8호선,남위례,2,5번출구,5번 출구 측,지상,1,지상,4,21,1600,2249-471,2026-02-11
850,8호선,남위례,3,내부,산성 방면3-4,지상,2,지상,3,21,1600,2249-472,2026-02-11
851,8호선,산성,1,내부,남위례 방면6-2,지하,3,지하,2,11,750,2024-722,2026-02-11
852,8호선,산성,2,내부,남한산성입구 방면1-3,지하,3,지하,2,11,750,2024-723,2026-02-11
853,8호선,산성,3,내부,대합실,지하,2,지하,1,11,750,2024-721,2026-02-11
854,8호선,산성,4,3번출구,3번 출구 측,지하,1,지상,1,11,750,2075-288,2026-02-11
855,8호선,남한산성입구,1,내부,산성 방면3-4,지하,3,지하,2,11,750,2022-967,2026-02-11
856,8호선,남한산성입구,2,"3,4번출구",단대오거리 방면4-1,지하,3,지상,1,15,1000,2231-773,2026-02-11
857,8호선,단대오거리,1,내부,남한산성입구 방면2-4,지하,3,지하,1,15,1000,2116-586,2026-02-11
858,8호선,단대오거리,2,내부,신흥 방면5-1,지하,3,지하,1,15,1000,2116-587,2026-02-11
859,8호선,단대오거리,3,4번출구,4번 출구 측,지하,1,지상,1,15,1000,2116-588,2026-02-11
860,8호선,신흥,1,내부,단대오거리 방면4-1,지하,2,지하,1,11,750,2022-969,2026-02-11
861,8호선,신흥,2,내부,수진 방면3-4,지하,2,지하,1,11,750,2022-970,2026-02-11
862,8호선,수진,1,내부,신흥 방면3-4,지하,2,지하,1,11,750,2116-589,2026-02-11
863,8호선,수진,2,내부,모란 방면4-1,지하,2,지하,1,11,750,2116-590,2026-02-11
864,8호선,수진,3,3번출구,3번 출구 측,지하,1,지상,1,24,1600,2212-625,2026-02-11
865,8호선,모란(8),1,내부,수진 방면5-2,지하,3,지하,1,15,1000,2116-583,2026-02-11
866,8호선,모란(8),2,내부,모란 방면2-3,지하,3,지하,2,15,1000,2116-584,2026-02-11
867,8호선,모란(8),3,11번출구,11번 출구 측,지하,1,지상,1,15,1000,2116-585,2026-02-11
